ImageNumber,ObjectNumber,Location_Center_X,Location_Center_Y,Location_Center_Z,Number_Object_Number,Parent_VIP_negative_alpha7,Parent_VIP_positive_alpha7
1,1,3209.8,95.4,0,1,10,0
1,2,3321.0,102.5,0,2,7,0
1,3,2987.2,107.2,0,3,0,0
1,4,3332.0,115.0,0,4,7,0
1,5,3333.1666666666665,117.0,0,5,7,0
1,6,3112.0,122.0,0,6,18,0
1,7,3197.1666666666665,126.83333333333333,0,7,10,0
1,8,3107.0,158.71428571428572,0,8,18,0
1,9,3014.714285714286,162.0,0,9,24,0
1,10,2720.0,173.0,0,10,20,0
1,11,3161.3333333333335,179.66666666666666,0,11,40,0
1,12,2588.285714285714,185.0,0,12,34,0
1,13,2605.1428571428573,184.28571428571428,0,13,34,0
1,14,2619.0,190.5,0,14,33,0
1,15,2584.8333333333335,192.83333333333334,0,15,34,0
1,16,2931.5,197.0,0,16,38,0
1,17,2877.0,202.0,0,17,44,0
1,18,2617.0,204.0,0,18,50,0
1,19,2758.2,203.6,0,19,43,0
1,20,3124.3333333333335,204.33333333333334,0,20,42,0
1,21,2626.714285714286,215.0,0,21,61,0
1,22,2648.0,216.5,0,22,57,0
1,23,3281.0,217.28571428571428,0,23,0,0
1,24,2795.0,223.0,0,24,64,0
1,25,2911.0,224.71428571428572,0,25,65,0
1,26,2624.2,228.6,0,26,61,0
1,27,2571.8333333333335,245.16666666666666,0,27,70,0
1,28,3106.5,253.0,0,28,73,0
1,29,2574.25,254.0,0,29,76,0
1,30,2618.5,255.5,0,30,61,0
1,31,2872.714285714286,257.0,0,31,92,0
1,32,2836.285714285714,262.0,0,32,81,0
1,33,2589.6666666666665,268.6666666666667,0,33,111,0
1,34,2851.8333333333335,269.8333333333333,0,34,92,0
1,35,3443.0,270.5,0,35,101,0
1,36,3287.285714285714,273.0,0,36,82,0
1,37,3242.5,280.5,0,37,104,0
1,38,3313.714285714286,283.0,0,38,108,0
1,39,2197.0,293.2857142857143,0,39,114,0
1,40,2559.285714285714,296.0,0,40,111,0
1,41,2193.8333333333335,299.1666666666667,0,41,114,0
1,42,2296.0,304.0,0,42,119,0
1,43,2086.2,308.6,0,43,122,0
1,44,2678.0,310.5,0,44,112,0
1,45,3197.5,309.5,0,45,134,0
1,46,2407.0,311.0,0,46,132,0
1,47,3202.4,313.8,0,47,134,0
1,48,2073.6,314.8,0,48,122,0
1,49,3387.0,317.0,0,49,130,0
1,50,2021.0,318.7142857142857,0,50,131,0
1,51,2081.0,318.2857142857143,0,51,122,0
1,52,2462.714285714286,320.0,0,52,0,1
1,53,3369.75,320.25,0,53,124,0
1,54,2216.0,321.5,0,54,116,0
1,55,2457.0,321.7142857142857,0,55,0,1
1,56,2002.5,323.5,0,56,141,0
1,57,3597.3333333333335,322.6666666666667,0,57,146,0
1,58,2389.6666666666665,324.3333333333333,0,58,137,0
1,59,2405.6666666666665,324.6666666666667,0,59,132,0
1,60,2062.4,327.2,0,60,133,0
1,61,2819.6666666666665,326.6666666666667,0,61,129,0
1,62,3616.3333333333335,328.6666666666667,0,62,146,0
1,63,2341.2,329.2,0,63,118,0
1,64,2475.0,329.7142857142857,0,64,0,1
1,65,2197.5,335.5,0,65,114,0
1,66,2513.6,344.8,0,66,175,2
1,67,2515.0,348.5,0,67,175,0
1,68,2458.8333333333335,351.1666666666667,0,68,154,0
1,69,3250.0,352.0,0,69,139,0
1,70,2221.5,353.5,0,70,170,0
1,71,2319.2,353.4,0,71,172,0
1,72,2658.0,357.5,0,72,179,0
1,73,2359.6666666666665,358.3333333333333,0,73,166,0
1,74,2669.3333333333335,358.6666666666667,0,74,179,0
1,75,3027.0,359.0,0,75,174,0
1,76,2152.8333333333335,360.1666666666667,0,76,183,0
1,77,2638.0,359.7142857142857,0,77,162,0
1,78,2337.5,360.0,0,78,172,0
1,79,3033.0,365.0,0,79,174,0
1,80,3168.5,367.5,0,80,176,0
1,81,1945.5,373.5,0,81,169,0
1,82,2235.1666666666665,375.8333333333333,0,82,177,0
1,83,2674.0,377.5,0,83,179,0
1,84,1982.0,382.0,0,84,186,0
1,85,2142.0,382.5,0,85,183,0
1,86,2244.0,382.5,0,86,177,0
1,87,2102.0,395.0,0,87,217,0
1,88,1958.6666666666667,395.6666666666667,0,88,186,0
1,89,2588.1666666666665,395.8333333333333,0,89,195,0
1,90,3207.285714285714,396.0,0,90,193,0
1,91,3170.0,397.5,0,91,193,0
1,92,2077.1666666666665,398.1666666666667,0,92,217,0
1,93,2963.285714285714,398.0,0,93,224,0
1,94,1854.5,398.5,0,94,220,0
1,95,2542.0,404.0,0,95,199,0
1,96,1773.0,407.0,0,96,212,0
1,97,2543.6666666666665,407.3333333333333,0,97,199,0
1,98,1650.5,411.0,0,98,225,0
1,99,2489.0,410.5,0,99,214,0
1,100,2025.5,412.0,0,100,222,0
1,101,1770.0,415.0,0,101,212,0
1,102,3043.1666666666665,417.8333333333333,0,102,211,0
1,103,2908.285714285714,419.14285714285717,0,103,213,0
1,104,2934.0,420.0,0,104,224,0
1,105,1607.5,426.0,0,105,234,0
1,106,1778.5,426.0,0,106,212,0
1,107,1820.0,427.0,0,107,207,0
1,108,2873.0,428.75,0,108,219,0
1,109,1811.5,430.0,0,109,207,0
1,110,1747.3333333333333,431.3333333333333,0,110,212,0
1,111,2126.5,432.5,0,111,269,0
1,112,3193.5,433.5,0,112,243,0
1,113,2252.714285714286,435.42857142857144,0,113,239,0
1,114,2949.0,436.5,0,114,242,0
1,115,2392.0,438.0,0,115,210,0
1,116,3514.8333333333335,439.8333333333333,0,116,0,0
1,117,1683.5,442.5,0,117,245,0
1,118,2545.5,444.5,0,118,262,0
1,119,1512.0,445.0,0,119,253,0
1,120,3521.5,444.5,0,120,0,0
1,121,1507.5,447.0,0,121,253,0
1,122,2138.0,447.0,0,122,269,0
1,123,2114.5,447.0,0,123,269,0
1,124,2122.0,449.5,0,124,269,0
1,125,2134.4,448.8,0,125,269,0
1,126,1535.5,449.5,0,126,253,0
1,127,2109.3333333333335,453.3333333333333,0,127,269,0
1,128,2187.1666666666665,453.8333333333333,0,128,247,0
1,129,2101.0,455.0,0,129,0,0
1,130,1796.5,456.5,0,130,273,0
1,131,2219.285714285714,456.0,0,131,249,0
1,132,2310.0,456.0,0,132,241,0
1,133,3503.4,456.2,0,133,0,0
1,134,1677.5,457.0,0,134,245,0
1,135,3367.6666666666665,456.3333333333333,0,135,0,0
1,136,2135.0,458.0,0,136,269,0
1,137,1531.5,459.5,0,137,253,0
1,138,3164.8,459.4,0,138,243,0
1,139,3185.2,458.6,0,139,243,0
1,140,1684.0,462.5,0,140,245,0
1,141,2151.0,462.2857142857143,0,141,254,0
1,142,3418.0,464.0,0,142,257,0
1,143,2226.0,465.5,0,143,270,0
1,144,1822.1666666666667,467.8333333333333,0,144,271,0
1,145,2252.0,468.0,0,145,270,0
1,146,3740.0,468.0,0,146,275,0
1,147,1684.5,469.5,0,147,281,0
1,148,2115.0,469.5,0,148,269,0
1,149,2196.8,471.4,0,149,279,0
1,150,1792.5,473.5,0,150,273,0
1,151,1789.857142857143,473.7142857142857,0,151,273,0
1,152,2153.0,473.75,0,152,269,0
1,153,2167.5,474.5,0,153,254,0
1,154,2093.5,477.5,0,154,0,0
1,155,3760.0,478.0,0,155,275,0
1,156,1416.2857142857142,480.0,0,156,274,0
1,157,2203.0,479.5,0,157,279,0
1,158,2778.5,480.0,0,158,277,0
1,159,1879.5,481.5,0,159,0,0
1,160,1665.2857142857142,484.0,0,160,281,0
1,161,2074.0,484.2857142857143,0,161,278,0
1,162,3576.5,486.0,0,162,294,0
1,163,2179.8333333333335,486.8333333333333,0,163,279,0
1,164,1814.5,489.0,0,164,284,0
1,165,2159.6666666666665,489.6666666666667,0,165,269,0
1,166,2183.714285714286,489.0,0,166,290,0
1,167,2939.0,491.5,0,167,291,0
1,168,2492.0,495.0,0,168,295,0
1,169,2390.714285714286,496.0,0,169,287,0
1,170,2469.5,502.0,0,170,289,0
1,171,1836.5,505.5,0,171,300,0
1,172,1302.0,509.2857142857143,0,172,0,0
1,173,2753.8333333333335,512.1666666666666,0,173,0,0
1,174,1644.0,513.25,0,174,298,0
1,175,1240.5,515.0,0,175,0,0
1,176,2282.0,516.0,0,176,316,0
1,177,2310.8,516.4,0,177,304,0
1,178,3387.5,519.0,0,178,342,0
1,179,1426.0,520.5,0,179,0,0
1,180,1907.3333333333333,520.1666666666666,0,180,324,0
1,181,1220.1666666666667,521.1666666666666,0,181,314,0
1,182,1789.8,522.4,0,182,313,0
1,183,2956.5,522.0,0,183,303,0
1,184,1911.0,523.0,0,184,324,0
1,185,1644.0,526.2857142857143,0,185,307,0
1,186,3390.5,526.5,0,186,342,0
1,187,2077.0,526.7142857142857,0,187,317,0
1,188,1653.0,528.5,0,188,307,0
1,189,1973.5,529.0,0,189,308,0
1,190,1804.2,533.6,0,190,313,0
1,191,2201.5,534.0,0,191,0,0
1,192,1383.2,536.6,0,192,346,0
1,193,1761.0,538.0,0,193,321,0
1,194,1574.0,539.5,0,194,349,0
1,195,2044.6666666666667,540.3333333333334,0,195,315,0
1,196,3083.5,540.0,0,196,347,0
1,197,3071.5,541.5,0,197,336,0
1,198,3500.0,543.5,0,198,344,0
1,199,3007.0,548.7142857142857,0,199,379,0
1,200,3385.5,548.5,0,200,342,0
1,201,1641.0,551.0,0,201,355,0
1,202,3069.2,550.4,0,202,347,0
1,203,1495.3333333333333,552.8333333333334,0,203,367,0
1,204,1916.5,553.5,0,204,343,0
1,205,2062.0,554.7142857142857,0,205,317,0
1,206,1586.5,556.5,0,206,349,0
1,207,3577.5,555.5,0,207,375,0
1,208,1496.8,556.6,0,208,367,0
1,209,1921.5,557.0,0,209,343,0
1,210,2916.4,556.8,0,210,392,0
1,211,2465.0,559.5,0,211,396,0
1,212,3649.0,559.5,0,212,354,0
1,213,1652.7142857142858,560.0,0,213,355,0
1,214,1471.5,562.0,0,214,367,0
1,215,1514.5,561.5,0,215,371,0
1,216,2808.6666666666665,562.3333333333334,0,216,341,0
1,217,3203.0,563.5,0,217,0,0
1,218,2584.4,563.8,0,218,391,0
1,219,3085.0,565.0,0,219,347,0
1,220,3748.714285714286,565.0,0,220,393,0
1,221,3515.0,566.0,0,221,366,0
1,222,3321.285714285714,567.4285714285714,0,222,389,0
1,223,1042.0,567.7142857142857,0,223,377,0
1,224,2516.0,574.0,0,224,381,0
1,225,1115.0,575.0,0,225,373,0
1,226,2857.5,578.5,0,226,360,0
1,227,2167.8333333333335,580.1666666666666,0,227,410,0
1,228,2479.0,580.0,0,228,396,0
1,229,3593.0,581.0,0,229,412,0
1,230,3553.6666666666665,582.3333333333334,0,230,376,0
1,231,2595.0,584.2857142857143,0,231,391,0
1,232,2287.5,591.5,0,232,419,0
1,233,2505.2,595.2,0,233,403,0
1,234,1237.5,597.5,0,234,400,0
1,235,2903.285714285714,599.0,0,235,418,0
1,236,2385.0,603.5,0,236,405,0
1,237,3652.8333333333335,604.1666666666666,0,237,425,0
1,238,1278.5,605.5,0,238,0,0
1,239,864.8,606.4,0,239,431,0
1,240,3666.8333333333335,607.1666666666666,0,240,427,0
1,241,1550.0,611.0,0,241,415,0
1,242,3839.5,611.5,0,242,436,0
1,243,1236.0,612.0,0,243,400,0
1,244,1578.5,613.5,0,244,434,0
1,245,1272.4285714285713,616.1428571428571,0,245,454,0
1,246,2079.0,616.0,0,246,0,0
1,247,3302.0,616.5,0,247,448,0
1,248,2873.5,617.0,0,248,418,0
1,249,3776.0,617.0,0,249,439,0
1,250,3882.5,616.5,0,250,436,0
1,251,2277.2,619.6,0,251,419,0
1,252,3668.0,621.7142857142857,0,252,427,0
1,253,958.6666666666666,622.3333333333334,0,253,424,0
1,254,1286.857142857143,623.7142857142857,0,254,0,0
1,255,1417.5,625.0,0,255,442,0
1,256,3316.6666666666665,627.3333333333334,0,256,448,0
1,257,3756.0,629.0,0,257,439,0
1,258,1351.0,629.2857142857143,0,258,0,0
1,259,2746.285714285714,630.8571428571429,0,259,457,0
1,260,1133.7142857142858,633.0,0,260,430,0
1,261,1462.6666666666667,632.3333333333334,0,261,437,0
1,262,3305.6666666666665,633.3333333333334,0,262,448,0
1,263,3656.0,634.2857142857143,0,263,435,0
1,264,913.2,635.0,0,264,0,9
1,265,1900.6666666666667,634.6666666666666,0,265,443,0
1,266,2171.3333333333335,635.6666666666666,0,266,473,0
1,267,3783.4,635.2,0,267,439,0
1,268,3837.8,636.4,0,268,436,0
1,269,3318.714285714286,637.0,0,269,448,0
1,270,1233.8333333333333,637.8333333333334,0,270,459,0
1,271,2133.6,640.2,0,271,455,0
1,272,2876.6,639.8,0,272,461,0
1,273,2922.714285714286,640.0,0,273,489,0
1,274,908.1428571428571,640.7142857142857,0,274,0,9
1,275,3775.0,640.5,0,275,439,0
1,276,1221.5,642.5,0,276,459,0
1,277,3308.8333333333335,642.1666666666666,0,277,448,0
1,278,1143.0,642.5,0,278,430,0
1,279,1210.0,643.0,0,279,459,0
1,280,2680.0,643.0,0,280,474,0
1,281,2779.714285714286,643.0,0,281,457,0
1,282,2580.0,644.0,0,282,476,0
1,283,900.6666666666666,645.3333333333334,0,283,0,7
1,284,1469.0,645.25,0,284,462,0
1,285,2898.3333333333335,646.3333333333334,0,285,461,0
1,286,1248.5,646.5,0,286,464,0
1,287,2126.5,648.5,0,287,455,0
1,288,3045.0,649.0,0,288,451,0
1,289,1232.0,650.0,0,289,459,0
1,290,3375.0,652.2857142857143,0,290,0,0
1,291,2363.5,653.5,0,291,468,0
1,292,2509.4,654.8,0,292,488,0
1,293,1113.0,654.5,0,293,0,0
1,294,887.0,657.0,0,294,0,10
1,295,2170.0,657.0,0,295,473,0
1,296,3431.8333333333335,657.1666666666666,0,296,0,0
1,297,1521.0,658.5,0,297,486,0
1,298,2114.0,658.5,0,298,455,0
1,299,3602.75,659.0,0,299,501,0
1,300,890.0,660.0,0,300,0,10
1,301,1463.0,663.25,0,301,502,0
1,302,3478.6,663.2,0,302,0,0
1,303,1328.5,665.0,0,303,495,0
1,304,1553.2857142857142,665.0,0,304,486,0
1,305,1032.0,668.5,0,305,513,0
1,306,1538.0,669.0,0,306,486,0
1,307,1112.0,669.5,0,307,531,0
1,308,1386.0,670.0,0,308,532,0
1,309,1387.2857142857142,675.0,0,309,532,0
1,310,1177.0,678.0,0,310,509,0
1,311,2712.0,678.5,0,311,496,0
1,312,1809.5,681.0,0,312,503,0
1,313,1469.0,682.2,0,313,516,0
1,314,1409.2,683.6,0,314,537,0
1,315,662.0,685.0,0,315,0,0
1,316,1378.0,684.5,0,316,532,0
1,317,2366.0,684.5,0,317,0,0
1,318,780.0,685.7142857142857,0,318,523,0
1,319,1440.1666666666667,686.8333333333334,0,319,502,0
1,320,2044.0,687.0,0,320,529,0
1,321,2631.0,689.5,0,321,0,0
1,322,1167.5,691.5,0,322,509,0
1,323,507.0,695.5,0,323,533,0
1,324,800.5,696.5,0,324,523,0
1,325,1149.0,695.7142857142857,0,325,509,0
1,326,1295.8,695.6,0,326,0,0
1,327,1933.5,696.0,0,327,527,0
1,328,2717.5,697.0,0,328,540,0
1,329,779.6666666666666,698.6666666666666,0,329,523,0
1,330,862.4,699.2,0,330,0,0
1,331,790.0,699.5,0,331,523,0
1,332,534.3333333333334,708.6666666666666,0,332,533,0
1,333,937.2857142857143,708.0,0,333,526,0
1,334,2443.8333333333335,709.1666666666666,0,334,572,0
1,335,1358.6666666666667,710.3333333333334,0,335,549,0
1,336,2134.5,710.5,0,336,535,0
1,337,1536.2857142857142,711.0,0,337,556,0
1,338,505.0,713.7142857142857,0,338,533,0
1,339,2448.0,714.5,0,339,572,0
1,340,3314.5,713.5,0,340,578,0
1,341,675.7142857142857,715.0,0,341,0,13
1,342,899.0,716.0,0,342,546,0
1,343,2016.2857142857142,717.5714285714286,0,343,529,0
1,344,2459.4,716.8,0,344,572,0
1,345,1864.0,718.7142857142857,0,345,567,0
1,346,656.8,724.4,0,346,0,13
1,347,678.5,724.5,0,347,0,13
1,348,2431.2,725.8,0,348,577,0
1,349,2705.4,727.2,0,349,540,0
1,350,384.8333333333333,730.1666666666666,0,350,586,0
1,351,3792.0,732.0,0,351,0,0
1,352,1718.5,732.5,0,352,607,0
1,353,681.6666666666666,734.6666666666666,0,353,0,14
1,354,3029.0,739.5,0,354,625,0
1,355,3962.3333333333335,739.3333333333334,0,355,632,0
1,356,1874.5,740.0,0,356,567,0
1,357,1238.5,741.0,0,357,544,0
1,358,905.5,742.0,0,358,612,0
1,359,753.5,745.5,0,359,0,0
1,360,1859.5,745.0,0,360,585,0
1,361,3191.6666666666665,748.3333333333334,0,361,615,0
1,362,3909.0,749.5,0,362,628,0
1,363,4013.0,750.0,0,363,642,0
1,364,374.5,752.5,0,364,586,0
1,365,753.6666666666666,752.3333333333334,0,365,0,0
1,366,3274.5,754.5,0,366,0,0
1,367,4015.0,756.2857142857143,0,367,642,0
1,368,748.1666666666666,757.1666666666666,0,368,620,0
1,369,3088.5,758.0,0,369,658,0
1,370,548.5,760.0,0,370,605,0
1,371,1472.0,759.5,0,371,640,0
1,372,1437.0,760.5,0,372,668,0
1,373,1727.0,761.0,0,373,654,0
1,374,1406.7142857142858,761.4285714285714,0,374,649,0
1,375,3086.5,763.5,0,375,658,0
1,376,1177.0,765.5,0,376,660,0
1,377,2198.0,766.0,0,377,635,0
1,378,1407.0,767.0,0,378,649,0
1,379,1180.6,767.8,0,379,660,0
1,380,2619.5,771.0,0,380,655,0
1,381,2965.0,772.0,0,381,664,0
1,382,4013.285714285714,773.0,0,382,642,0
1,383,1568.6666666666667,776.3333333333334,0,383,647,0
1,384,1420.0,777.0,0,384,649,0
1,385,1683.0,778.5,0,385,0,0
1,386,2202.5,779.5,0,386,635,0
1,387,1448.4,779.8,0,387,687,0
1,388,1285.5,781.0,0,388,624,0
1,389,2569.714285714286,782.0,0,389,652,0
1,390,2943.3333333333335,784.6666666666666,0,390,664,0
1,391,2970.0,786.5,0,391,674,0
1,392,1348.0,788.5,0,392,678,0
1,393,3101.0,787.7142857142857,0,393,685,0
1,394,1438.5,790.0,0,394,680,0
1,395,1571.0,791.2857142857143,0,395,647,0
1,396,2942.5,791.5,0,396,664,0
1,397,2941.0,793.0,0,397,664,0
1,398,281.5,793.5,0,398,648,0
1,399,1501.0,794.0,0,399,677,0
1,400,2362.5,795.0,0,400,661,0
1,401,846.5,796.0,0,401,676,0
1,402,2604.5,797.5,0,402,683,0
1,403,1344.6666666666667,797.3333333333334,0,403,678,0
1,404,2674.285714285714,798.0,0,404,714,0
1,405,3617.0,798.2857142857143,0,405,0,0
1,406,3800.0,800.5,0,406,694,0
1,407,1429.0,801.0,0,407,680,0
1,408,839.0,802.0,0,408,676,0
1,409,1265.5,803.0,0,409,708,0
1,410,2673.2,803.4,0,410,714,0
1,411,3931.8333333333335,802.8333333333334,0,411,730,0
1,412,1369.3333333333333,806.3333333333334,0,412,702,0
1,413,886.3333333333334,806.6666666666666,0,413,745,0
1,414,820.6666666666666,809.3333333333334,0,414,686,0
1,415,4040.5,810.0,0,415,719,0
1,416,900.5,810.5,0,416,745,0
1,417,1093.5,811.5,0,417,711,0
1,418,2859.25,811.75,0,418,721,0
1,419,1501.5,813.5,0,419,677,0
1,420,3882.0,813.0,0,420,696,0
1,421,1119.5,814.0,0,421,701,0
1,422,964.0,816.25,0,422,725,0
1,423,1240.857142857143,816.2857142857143,0,423,708,0
1,424,2661.75,815.75,0,424,714,0
1,425,3624.6,816.2,0,425,749,0
1,426,3911.5,817.5,0,426,696,0
1,427,4069.4,817.8,0,427,746,0
1,428,3527.25,818.0,0,428,728,0
1,429,838.1428571428571,820.7142857142857,0,429,764,0
1,430,3439.2,820.6,0,430,0,0
1,431,3839.714285714286,821.0,0,431,703,0
1,432,1930.5,825.5,0,432,723,0
1,433,831.0,827.5,0,433,764,0
1,434,841.2,828.4,0,434,764,0
1,435,3879.0,828.5,0,435,696,0
1,436,1128.3333333333333,829.6666666666666,0,436,726,0
1,437,3881.0,829.5,0,437,696,0
1,438,3395.8,831.4,0,438,0,0
1,439,4035.6,832.8,0,439,754,0
1,440,2881.6666666666665,833.3333333333334,0,440,721,0
1,441,3151.285714285714,833.0,0,441,818,0
1,442,4043.0,834.0,0,442,754,0
1,443,1330.25,834.75,0,443,0,0
1,444,3581.0,836.0,0,444,749,0
1,445,3642.0,836.0,0,445,0,0
1,446,3899.6,836.2,0,446,696,0
1,447,2390.3333333333335,838.6666666666666,0,447,771,0
1,448,825.3333333333334,840.6666666666666,0,448,764,0
1,449,3605.5,840.5,0,449,749,0
1,450,1669.0,841.0,0,450,741,0
1,451,1449.5,842.5,0,451,762,0
1,452,837.6666666666666,843.3333333333334,0,452,764,0
1,453,853.5,844.0,0,453,764,0
1,454,1660.0,846.0,0,454,741,0
1,455,1539.8,848.4,0,455,792,0
1,456,1951.1666666666667,847.8333333333334,0,456,774,0
1,457,3011.6,847.8,0,457,802,0
1,458,820.1666666666666,848.8333333333334,0,458,764,0
1,459,1927.3333333333333,848.6666666666666,0,459,793,0
1,460,887.2857142857143,853.0,0,460,740,0
1,461,2015.6666666666667,853.3333333333334,0,461,769,0
1,462,1536.5,853.5,0,462,788,0
1,463,3735.5,857.5,0,463,0,0
1,464,2840.0,859.0,0,464,779,0
1,465,3770.0,860.2857142857143,0,465,0,0
1,466,3964.0,860.5,0,466,794,0
1,467,4065.8,860.6,0,467,775,0
1,468,1925.6666666666667,861.3333333333334,0,468,793,0
1,469,2934.0,860.7142857142857,0,469,782,0
1,470,1753.0,862.0,0,470,797,0
1,471,1530.25,864.0,0,471,788,0
1,472,1738.0,864.0,0,472,805,0
1,473,1747.0,863.75,0,473,805,0
1,474,3266.8333333333335,863.8333333333334,0,474,780,0
1,475,426.5,866.5,0,475,809,0
1,476,2472.5,866.5,0,476,807,0
1,477,1635.0,866.5,0,477,799,0
1,478,1760.0,867.5,0,478,797,0
1,479,839.0,869.0,0,479,764,0
1,480,2399.5,871.5,0,480,785,0
1,481,1724.0,871.75,0,481,803,0
1,482,2377.2,871.6,0,482,785,0
1,483,3732.4,872.2,0,483,0,0
1,484,2876.5,875.5,0,484,0,0
1,485,3785.0,874.5,0,485,844,0
1,486,1631.3333333333333,875.6666666666666,0,486,799,0
1,487,2233.5,876.5,0,487,0,0
1,488,2289.0,876.7142857142857,0,488,814,0
1,489,257.3333333333333,878.3333333333334,0,489,820,0
1,490,1498.5,878.0,0,490,791,0
1,491,263.5,881.0,0,491,820,0
1,492,3690.0,883.5,0,492,868,0
1,493,3182.6666666666665,885.6666666666666,0,493,841,0
1,494,3671.5,886.5,0,494,868,0
1,495,4094.5,885.5,0,495,0,0
1,496,1724.0,887.0,0,496,824,0
1,497,2389.714285714286,887.0,0,497,785,0
1,498,2759.3333333333335,886.6666666666666,0,498,846,0
1,499,2917.1666666666665,887.1666666666666,0,499,813,0
1,500,274.75,890.0,0,500,820,0
1,501,1722.3333333333333,888.3333333333334,0,501,824,0
1,502,3674.3333333333335,889.3333333333334,0,502,868,0
1,503,820.6666666666666,889.3333333333334,0,503,828,0
1,504,274.0,891.0,0,504,820,0
1,505,318.8,893.4,0,505,0,15
1,506,3524.0,894.5,0,506,827,0
1,507,3144.0,895.0,0,507,818,0
1,508,1940.6,895.8,0,508,854,0
1,509,1530.2857142857142,897.0,0,509,823,0
1,510,1511.5,901.0,0,510,823,0
1,511,2746.5,901.5,0,511,846,0
1,512,2810.5,902.5,0,512,837,0
1,513,1733.8333333333333,902.8333333333334,0,513,859,0
1,514,1321.0,903.2857142857143,0,514,810,0
1,515,1859.4,904.8,0,515,850,0
1,516,3172.4,905.2,0,516,841,0
1,517,1154.0,906.0,0,517,845,0
1,518,3750.6666666666665,906.5,0,518,872,0
1,519,409.0,906.75,0,519,858,0
1,520,3176.8,906.6,0,520,841,0
1,521,3405.5,906.5,0,521,843,0
1,522,3166.1428571428573,909.2857142857143,0,522,841,0
1,523,728.0,910.5,0,523,851,0
1,524,1944.5,910.5,0,524,867,0
1,525,1373.5,911.5,0,525,849,0
1,526,1252.6666666666667,911.6666666666666,0,526,912,0
1,527,3791.0,912.7142857142857,0,527,844,0
1,528,4073.0,913.5,0,528,885,0
1,529,289.0,916.5,0,529,0,17
1,530,318.5,916.5,0,530,856,0
1,531,952.4,915.8,0,531,0,0
1,532,4087.285714285714,916.0,0,532,885,0
1,533,424.8333333333333,916.8333333333334,0,533,858,0
1,534,692.3333333333334,920.6666666666666,0,534,887,0
1,535,685.0,922.5,0,535,887,0
1,536,1610.0,923.0,0,536,853,0
1,537,413.2,923.6,0,537,876,0
1,538,802.5,923.5,0,538,828,0
1,539,891.7142857142857,924.0,0,539,0,0
1,540,1258.5,924.5,0,540,912,0
1,541,1287.0,925.5,0,541,912,0
1,542,3162.5,924.5,0,542,894,0
1,543,352.0,926.0,0,543,899,0
1,544,1738.0,927.0,0,544,889,0
1,545,2039.5,928.0,0,545,910,0
1,546,2035.0,929.0,0,546,910,0
1,547,4101.666666666667,929.3333333333334,0,547,885,0
1,548,905.6666666666666,929.3333333333334,0,548,918,0
1,549,382.4,931.2,0,549,899,0
1,550,390.0,931.5,0,550,899,0
1,551,1202.5,934.0,0,551,881,0
1,552,3763.0,934.5,0,552,872,0
1,553,1743.3333333333333,935.3333333333334,0,553,889,0
1,554,4094.0,937.7142857142857,0,554,885,0
1,555,4110.0,938.0,0,555,885,0
1,556,1113.5,939.5,0,556,936,0
1,557,1981.5,938.5,0,557,0,0
1,558,2044.2857142857142,943.0,0,558,910,0
1,559,3184.4,944.2,0,559,894,0
1,560,2702.5,947.0,0,560,897,0
1,561,2771.0,947.0,0,561,933,0
1,562,3615.714285714286,947.0,0,562,884,0
1,563,1471.3333333333333,949.6666666666666,0,563,919,0
1,564,4150.5,949.5,0,564,0,0
1,565,888.6666666666666,949.6666666666666,0,565,973,0
1,566,3148.2,950.6,0,566,0,19
1,567,3423.0,951.0,0,567,961,0
1,568,888.0,955.0,0,568,973,0
1,569,270.5,956.5,0,569,0,17
1,570,926.5,956.0,0,570,909,0
1,571,3808.0,956.0,0,571,0,0
1,572,903.5,957.5,0,572,918,0
1,573,1877.1666666666667,957.1666666666666,0,573,937,0
1,574,301.0,958.5,0,574,957,0
1,575,1354.2857142857142,960.0,0,575,940,0
1,576,3554.8,960.4,0,576,917,0
1,577,1067.0,964.5,0,577,953,0
1,578,1036.5,966.5,0,578,939,0
1,579,1374.0,967.0,0,579,940,0
1,580,1380.0,966.5,0,580,940,0
1,581,565.6666666666666,968.3333333333334,0,581,955,0
1,582,2797.0,972.0,0,582,945,0
1,583,1840.5,973.5,0,583,937,0
1,584,3675.0,973.0,0,584,923,0
1,585,918.7142857142857,974.0,0,585,982,0
1,586,3582.0,977.0,0,586,979,0
1,587,2714.8333333333335,977.8333333333334,0,587,0,0
1,588,2873.5,978.0,0,588,977,0
1,589,3547.5,980.5,0,589,966,0
1,590,575.0,981.5,0,590,975,0
1,591,1326.6666666666667,986.6666666666666,0,591,1009,0
1,592,645.0,988.0,0,592,0,0
1,593,1020.0,988.0,0,593,969,0
1,594,2334.0,989.5,0,594,994,0
1,595,2491.0,989.5,0,595,993,0
1,596,944.3333333333334,990.3333333333334,0,596,962,0
1,597,3910.714285714286,991.0,0,597,1006,0
1,598,2792.0,992.0,0,598,1004,0
1,599,792.0,995.0,0,599,990,0
1,600,2789.3333333333335,995.6666666666666,0,600,1004,0
1,601,4193.0,995.5,0,601,967,0
1,602,3568.2,997.4,0,602,966,0
1,603,3221.6,997.8,0,603,996,0
1,604,3423.1666666666665,997.8333333333334,0,604,988,0
1,605,3925.6666666666665,998.6666666666666,0,605,1006,0
1,606,2825.8333333333335,1002.1666666666666,0,606,995,0
1,607,3433.5,1002.5,0,607,988,0
1,608,898.0,1003.25,0,608,991,0
1,609,2585.5,1003.5,0,609,1013,0
1,610,3508.0,1003.0,0,610,0,0
1,611,460.5,1004.5,0,611,1027,0
1,612,2380.285714285714,1004.0,0,612,1005,0
1,613,812.75,1005.0,0,613,1001,0
1,614,2695.6666666666665,1005.6666666666666,0,614,1049,0
1,615,3423.5,1005.5,0,615,1030,0
1,616,2826.5,1007.0,0,616,995,0
1,617,2262.2,1008.6,0,617,1024,0
1,618,264.6666666666667,1010.3333333333334,0,618,1023,0
1,619,1952.0,1010.0,0,619,954,0
1,620,2708.3333333333335,1012.6666666666666,0,620,1049,0
1,621,3369.1666666666665,1012.8333333333334,0,621,1047,23
1,622,3503.0,1013.5,0,622,0,0
1,623,2824.0,1015.0,0,623,1032,0
1,624,3944.6666666666665,1016.3333333333334,0,624,1006,0
1,625,2177.285714285714,1018.0,0,625,0,0
1,626,698.6666666666666,1018.6666666666666,0,626,1011,0
1,627,2795.0,1021.5,0,627,1004,0
1,628,4221.5,1021.0,0,628,1028,0
1,629,3419.5,1022.5,0,629,1030,0
1,630,2542.0,1024.0,0,630,1036,0
1,631,3338.2,1024.4,0,631,1047,0
1,632,3458.6666666666665,1025.3333333333333,0,632,1022,0
1,633,3350.8333333333335,1026.1666666666667,0,633,1047,0
1,634,3381.3333333333335,1025.6666666666667,0,634,0,23
1,635,308.0,1027.2857142857142,0,635,1033,0
1,636,3409.8333333333335,1027.1666666666667,0,636,1030,0
1,637,2723.1428571428573,1027.7142857142858,0,637,1049,0
1,638,4164.5,1029.0,0,638,0,25
1,639,2956.5,1029.5,0,639,1046,0
1,640,1528.5,1031.5,0,640,0,0
1,641,3583.6666666666665,1032.3333333333333,0,641,1040,0
1,642,2800.5,1033.0,0,642,1004,0
1,643,3589.5,1033.5,0,643,1051,0
1,644,4154.166666666667,1032.8333333333333,0,644,0,25
1,645,2249.0,1033.7142857142858,0,645,1056,0
1,646,2582.1666666666665,1033.8333333333333,0,646,1043,0
1,647,3345.3333333333335,1034.3333333333333,0,647,1047,0
1,648,3566.5,1036.0,0,648,1040,0
1,649,1389.0,1037.0,0,649,0,0
1,650,811.5,1040.5,0,650,1044,0
1,651,2691.1666666666665,1041.8333333333333,0,651,1066,0
1,652,1196.5,1043.5,0,652,1072,0
1,653,845.0,1044.0,0,653,1053,0
1,654,3418.5,1045.0,0,654,1050,0
1,655,833.0,1047.0,0,655,1053,0
1,656,885.0,1048.2857142857142,0,656,1076,0
1,657,3131.5,1048.0,0,657,1055,0
1,658,3014.5,1049.5,0,658,1063,0
1,659,661.5,1052.5,0,659,1070,0
1,660,2432.0,1052.5,0,660,1080,0
1,661,3152.0,1052.0,0,661,1055,0
1,662,4247.0,1053.5,0,662,1059,0
1,663,2410.5,1054.0,0,663,1080,0
1,664,2575.0,1056.0,0,664,1043,0
1,665,1519.5,1057.5,0,665,1068,0
1,666,1999.2,1056.6,0,666,1045,0
1,667,3654.5,1057.0,0,667,0,0
1,668,870.5,1059.5,0,668,1073,0
1,669,3017.5,1058.5,0,669,1063,0
1,670,1228.0,1059.7142857142858,0,670,1087,0
1,671,1215.5,1064.0,0,671,1087,0
1,672,444.0,1065.5,0,672,1095,0
1,673,948.0,1065.0,0,673,1119,0
1,674,1950.0,1067.0,0,674,1092,0
1,675,869.0,1068.0,0,675,1073,0
1,676,3555.0,1068.0,0,676,1100,0
1,677,4131.5,1068.5,0,677,0,26
1,678,2971.0,1069.0,0,678,1057,0
1,679,2303.6666666666665,1070.6666666666667,0,679,1077,0
1,680,1309.2,1072.6,0,680,0,0
1,681,2429.5,1073.5,0,681,1080,0
1,682,2233.0,1073.7142857142858,0,682,1056,0
1,683,459.0,1076.5,0,683,1097,0
1,684,1106.7142857142858,1079.0,0,684,1136,0
1,685,2305.5,1079.5,0,685,1077,0
1,686,2415.3333333333335,1079.3333333333333,0,686,1080,0
1,687,1393.5,1080.5,0,687,1094,0
1,688,3488.3333333333335,1081.3333333333333,0,688,1114,0
1,689,3490.3333333333335,1080.6666666666667,0,689,1114,0
1,690,859.3333333333334,1081.6666666666667,0,690,1073,0
1,691,1198.0,1083.0,0,691,1087,0
1,692,305.2857142857143,1084.5714285714287,0,692,1132,0
1,693,438.0,1086.7142857142858,0,693,1095,0
1,694,3066.0,1091.2857142857142,0,694,1151,0
1,695,3013.6666666666665,1091.6666666666667,0,695,0,0
1,696,4090.3333333333335,1092.3333333333333,0,696,1148,0
1,697,3794.75,1093.0,0,697,1124,0
1,698,2783.714285714286,1094.0,0,698,1108,0
1,699,3601.5,1095.0,0,699,1079,0
1,700,3512.0,1096.5,0,700,1114,0
1,701,2115.5,1097.0,0,701,1161,0
1,702,3011.6,1099.2,0,702,0,0
1,703,4084.0,1099.0,0,703,1148,0
1,704,1394.1666666666667,1100.0,0,704,1125,0
1,705,1559.6666666666667,1099.6666666666667,0,705,1134,0
1,706,1039.0,1101.0,0,706,1144,0
1,707,1102.5,1101.0,0,707,1136,0
1,708,4283.0,1101.0,0,708,0,0
1,709,340.5,1103.5,0,709,1132,0
1,710,1492.5,1102.5,0,710,1123,0
1,711,1115.4,1104.8,0,711,1136,0
1,712,3533.5,1103.5,0,712,1118,0
1,713,1749.5,1105.5,0,713,1105,0
1,714,3490.5,1105.0,0,714,1114,0
1,715,4073.714285714286,1104.0,0,715,1148,0
1,716,1789.0,1107.5,0,716,1147,0
1,717,3752.714285714286,1109.0,0,717,0,0
1,718,483.0,1110.0,0,718,1194,0
1,719,4067.8333333333335,1113.1666666666667,0,719,1148,0
1,720,789.8,1113.4,0,720,1143,0
1,721,2089.1666666666665,1114.8333333333333,0,721,1161,0
1,722,389.5,1117.0,0,722,1172,0
1,723,776.0,1116.5,0,723,1143,0
1,724,2137.6666666666665,1117.3333333333333,0,724,1138,0
1,725,384.0,1120.2857142857142,0,725,1172,0
1,726,1294.0,1120.5,0,726,1171,0
1,727,2280.8,1120.4,0,727,0,0
1,728,1449.0,1122.7142857142858,0,728,1141,0
1,729,4274.714285714285,1123.0,0,729,1180,0
1,730,2330.0,1124.5,0,730,1179,0
1,731,2057.0,1125.2857142857142,0,731,1163,0
1,732,3868.0,1127.25,0,732,0,0
1,733,4286.285714285715,1127.0,0,733,1180,0
1,734,1004.0,1128.5,0,734,1158,0
1,735,1210.0,1132.0,0,735,1170,0
1,736,425.5,1137.0,0,736,1224,0
1,737,462.0,1136.6666666666667,0,737,1194,0
1,738,4253.0,1137.0,0,738,1180,0
1,739,4353.5,1137.0,0,739,1178,0
1,740,493.5,1138.5,0,740,1194,0
1,741,2307.0,1138.0,0,741,0,0
1,742,988.0,1140.0,0,742,1186,0
1,743,2369.0,1140.0,0,743,1199,0
1,744,4235.0,1140.0,0,744,1201,0
1,745,365.0,1140.7142857142858,0,745,1193,0
1,746,531.1666666666666,1141.8333333333333,0,746,1237,0
1,747,4219.285714285715,1143.0,0,747,1201,0
1,748,329.5,1144.0,0,748,1203,0
1,749,3023.5,1144.5,0,749,1197,0
1,750,4259.833333333333,1144.8333333333333,0,750,1180,0
1,751,452.4,1146.2,0,751,1212,0
1,752,1713.3333333333333,1146.3333333333333,0,752,1164,0
1,753,244.5,1146.5,0,753,1211,0
1,754,3336.5,1147.5,0,754,1228,0
1,755,358.5,1148.5,0,755,1203,0
1,756,2339.3333333333335,1148.6666666666667,0,756,1199,0
1,757,779.8,1150.4,0,757,1198,0
1,758,420.0,1152.0,0,758,1240,0
1,759,453.0,1152.75,0,759,1212,0
1,760,2142.0,1155.5,0,760,1222,0
1,761,445.3333333333333,1156.3333333333333,0,761,1212,0
1,762,427.6666666666667,1158.6666666666667,0,762,1224,0
1,763,3524.0,1158.0,0,763,0,0
1,764,3799.4285714285716,1157.857142857143,0,764,1215,0
1,765,3728.285714285714,1160.0,0,765,1227,0
1,766,4019.5,1161.0,0,766,1216,0
1,767,345.1666666666667,1161.8333333333333,0,767,1203,0
1,768,3719.5,1162.5,0,768,1227,0
1,769,608.5,1163.0,0,769,1210,0
1,770,3703.5,1163.0,0,770,1227,0
1,771,900.6,1164.8,0,771,1205,0
1,772,2129.6,1167.2,0,772,1220,0
1,773,1965.5,1169.5,0,773,0,0
1,774,2664.1428571428573,1169.7142857142858,0,774,0,0
1,775,611.8,1169.6,0,775,1210,0
1,776,4347.5,1170.5,0,776,1219,0
1,777,424.0,1171.0,0,777,1240,0
1,778,2414.5,1171.5,0,778,1225,0
1,779,358.5,1172.0,0,779,1233,0
1,780,2600.1428571428573,1173.5714285714287,0,780,1255,0
1,781,2739.0,1173.5,0,781,0,0
1,782,1414.5,1176.5,0,782,0,0
1,783,2728.0,1177.0,0,783,0,0
1,784,3282.5,1176.5,0,784,0,0
1,785,2596.5,1179.5,0,785,1255,0
1,786,3576.1666666666665,1179.8333333333333,0,786,1261,0
1,787,2657.0,1180.7142857142858,0,787,0,0
1,788,442.0,1183.5,0,788,1242,0
1,789,2544.714285714286,1184.0,0,789,0,0
1,790,3706.8333333333335,1184.1666666666667,0,790,1248,0
1,791,3730.0,1186.0,0,791,1248,0
1,792,2246.0,1187.5,0,792,1238,0
1,793,2239.0,1188.5,0,793,1238,0
1,794,2248.5,1191.5,0,794,1245,0
1,795,676.4,1193.8,0,795,1251,0
1,796,436.0,1195.0,0,796,1247,0
1,797,1313.0,1197.2857142857142,0,797,1258,0
1,798,1017.0,1199.2857142857142,0,798,1226,0
1,799,2988.0,1198.5,0,799,0,0
1,800,2674.0,1199.5,0,800,0,0
1,801,1314.5,1202.0,0,801,1258,0
1,802,2262.6666666666665,1201.6666666666667,0,802,1245,0
1,803,3112.5,1204.5,0,803,1273,0
1,804,661.6,1205.8,0,804,1256,0
1,805,267.0,1208.5,0,805,0,0
1,806,542.5,1209.5,0,806,1259,0
1,807,2591.5,1212.0,0,807,1255,0
1,808,4196.0,1214.5,0,808,0,0
1,809,309.0,1216.7142857142858,0,809,1296,0
1,810,3774.0,1218.7142857142858,0,810,1278,0
1,811,4267.0,1221.0,0,811,0,0
1,812,3589.8333333333335,1221.8333333333333,0,812,1261,0
1,813,4428.8,1223.4,0,813,1291,0
1,814,4078.5,1227.5,0,814,1294,0
1,815,280.6666666666667,1231.6666666666667,0,815,0,0
1,816,646.0,1231.5,0,816,1256,0
1,817,2300.5,1231.5,0,817,1298,0
1,818,3952.0,1232.0,0,818,1271,0
1,819,906.0,1234.0,0,819,1293,0
1,820,3852.0,1235.0,0,820,1287,0
1,821,3195.0,1240.0,0,821,1304,0
1,822,3955.4,1239.8,0,822,1271,0
1,823,3646.8333333333335,1241.1666666666667,0,823,1289,0
1,824,3678.5,1240.5,0,824,1282,0
1,825,3903.1666666666665,1240.8333333333333,0,825,0,0
1,826,492.1666666666667,1242.8333333333333,0,826,1303,0
1,827,1275.2857142857142,1244.0,0,827,0,0
1,828,3183.3333333333335,1245.5,0,828,1304,0
1,829,2477.0,1247.0,0,829,1301,0
1,830,2187.8333333333335,1252.1666666666667,0,830,0,0
1,831,3182.0,1251.7142857142858,0,831,1304,0
1,832,321.5,1253.5,0,832,1296,0
1,833,3649.5,1253.5,0,833,1289,0
1,834,3771.0,1254.0,0,834,1278,0
1,835,1951.0,1255.0,0,835,0,0
1,836,2487.285714285714,1257.0,0,836,1301,0
1,837,1075.5,1261.0,0,837,0,0
1,838,4252.0,1262.5,0,838,1307,0
1,839,3482.5,1263.5,0,839,0,0
1,840,252.5,1264.5,0,840,1316,0
1,841,4228.0,1266.2857142857142,0,841,1309,0
1,842,491.7142857142857,1267.0,0,842,1303,0
1,843,4415.5,1268.5,0,843,1291,0
1,844,3742.285714285714,1270.0,0,844,0,0
1,845,3262.0,1273.0,0,845,1306,0
1,846,3372.714285714286,1275.0,0,846,0,0
1,847,1434.5,1276.0,0,847,1313,0
1,848,3143.4,1277.8,0,848,1352,0
1,849,488.5,1278.5,0,849,1302,0
1,850,848.2857142857143,1280.0,0,850,1329,0
1,851,3109.1666666666665,1280.8333333333333,0,851,1368,0
1,852,2340.0,1281.0,0,852,1335,0
1,853,4267.5,1281.0,0,853,1307,0
1,854,2498.1666666666665,1281.8333333333333,0,854,1321,0
1,855,1494.5,1283.0,0,855,1314,0
1,856,3444.5,1283.0,0,856,1311,0
1,857,859.2857142857143,1284.4285714285713,0,857,1329,0
1,858,228.5,1287.5,0,858,1316,0
1,859,563.3333333333334,1286.6666666666667,0,859,1324,0
1,860,839.7142857142857,1287.0,0,860,1329,0
1,861,968.5,1287.5,0,861,1334,0
1,862,1189.8,1289.4,0,862,0,0
1,863,247.5,1295.0,0,863,1337,0
1,864,3280.0,1298.5,0,864,1306,0
1,865,2439.1666666666665,1298.8333333333333,0,865,1354,0
1,866,1571.6666666666667,1300.6666666666667,0,866,1347,0
1,867,2441.1666666666665,1300.6666666666667,0,867,1354,0
1,868,3122.0,1302.0,0,868,1358,0
1,869,3235.5,1302.0,0,869,0,0
1,870,2329.0,1304.5,0,870,1343,0
1,871,1383.8333333333333,1305.8333333333333,0,871,1392,0
1,872,2443.0,1306.0,0,872,1354,0
1,873,3273.5,1305.0,0,873,1383,0
1,874,2374.0,1309.0,0,874,0,0
1,875,2435.5,1309.0,0,875,1354,0
1,876,2446.6,1308.8,0,876,1354,0
1,877,3468.3333333333335,1309.6666666666667,0,877,1394,0
1,878,3982.0,1310.7142857142858,0,878,0,0
1,879,391.5,1313.0,0,879,1357,0
1,880,4514.5,1313.0,0,880,0,0
1,881,2300.1666666666665,1314.8333333333333,0,881,1364,0
1,882,2748.5,1315.5,0,882,1363,0
1,883,4408.5,1315.5,0,883,1396,0
1,884,4414.0,1319.7142857142858,0,884,1396,0
1,885,358.5,1323.5,0,885,1366,0
1,886,534.5,1326.0,0,886,1387,0
1,887,3974.5,1326.0,0,887,1400,0
1,888,1016.3333333333334,1327.3333333333333,0,888,1411,0
1,889,2816.1666666666665,1329.8333333333333,0,889,1381,0
1,890,3941.0,1330.0,0,890,1400,0
1,891,1499.1666666666667,1331.1666666666667,0,891,1404,0
1,892,3743.0,1331.0,0,892,1399,0
1,893,524.0,1333.0,0,893,1387,0
1,894,4405.0,1332.5,0,894,1396,0
1,895,2154.285714285714,1334.0,0,895,0,0
1,896,2742.1666666666665,1333.8333333333333,0,896,1379,0
1,897,3596.4,1333.8,0,897,0,0
1,898,4439.0,1334.5,0,898,1396,0
1,899,614.5,1335.6666666666667,0,899,1388,0
1,900,2829.4285714285716,1334.7142857142858,0,900,1407,0
1,901,3725.0,1336.5,0,901,1399,0
1,902,3933.3333333333335,1336.6666666666667,0,902,1400,0
1,903,1140.25,1338.0,0,903,0,0
1,904,2813.0,1341.0,0,904,1407,0
1,905,540.0,1343.0,0,905,1412,0
1,906,812.6666666666666,1343.1666666666667,0,906,1410,0
1,907,1404.2,1343.4,0,907,1405,0
1,908,566.0,1344.5,0,908,1412,0
1,909,4459.5,1344.0,0,909,1432,0
1,910,997.8,1345.4,0,910,1411,0
1,911,2775.8333333333335,1345.6666666666667,0,911,1363,0
1,912,2243.0,1348.5,0,912,0,0
1,913,3134.5,1349.5,0,913,0,0
1,914,3930.0,1349.5,0,914,1408,0
1,915,822.0,1350.7142857142858,0,915,1410,0
1,916,3262.5,1351.0,0,916,1428,0
1,917,3262.5,1353.0,0,917,1428,0
1,918,4431.6,1355.2,0,918,1396,0
1,919,1229.4,1355.8,0,919,1401,0
1,920,3795.0,1356.0,0,920,1422,0
1,921,3009.4,1358.2,0,921,1424,0
1,922,874.0,1360.0,0,922,1433,0
1,923,2984.5,1360.0,0,923,1424,0
1,924,3679.5,1360.5,0,924,0,0
1,925,517.4,1362.8,0,925,1387,0
1,926,2980.6,1363.2,0,926,1443,0
1,927,3007.5,1363.0,0,927,1424,0
1,928,1482.0,1365.0,0,928,1442,0
1,929,3017.0,1365.2857142857142,0,929,1424,0
1,930,3217.5,1368.5,0,930,1444,0
1,931,3792.5,1370.5,0,931,1422,0
1,932,981.2,1372.6,0,932,1449,0
1,933,1469.3333333333333,1371.6666666666667,0,933,1442,0
1,934,540.5,1372.5,0,934,1445,0
1,935,3209.0,1373.0,0,935,1444,0
1,936,3587.5,1373.0,0,936,1435,0
1,937,4463.0,1372.5,0,937,1432,0
1,938,3009.0,1373.5,0,938,1424,0
1,939,4439.6,1375.2,0,939,0,0
1,940,1503.2,1378.6,0,940,1442,0
1,941,3206.8333333333335,1378.1666666666667,0,941,1444,0
1,942,3257.0,1379.0,0,942,1428,0
1,943,2977.285714285714,1379.5714285714287,0,943,1443,0
1,944,4008.0,1380.0,0,944,1458,0
1,945,1332.5,1381.5,0,945,0,0
1,946,4017.0,1383.0,0,946,1458,0
1,947,2990.6666666666665,1384.6666666666667,0,947,1443,0
1,948,3217.8333333333335,1385.1666666666667,0,948,1444,0
1,949,3224.3333333333335,1385.3333333333333,0,949,1444,0
1,950,1187.5,1386.0,0,950,1456,0
1,951,2622.0,1386.0,0,951,0,0
1,952,869.1666666666666,1388.1666666666667,0,952,1433,0
1,953,1321.0,1390.0,0,953,0,0
1,954,3593.0,1390.5,0,954,1435,0
1,955,1034.5,1390.5,0,955,1468,0
1,956,953.0,1392.0,0,956,1441,0
1,957,1222.0,1394.5,0,957,1476,0
1,958,2673.0,1394.5,0,958,1454,0
1,959,1181.6666666666667,1399.3333333333333,0,959,1456,0
1,960,2075.1666666666665,1400.1666666666667,0,960,1447,0
1,961,3637.0,1401.0,0,961,1470,0
1,962,4129.5,1401.0,0,962,1496,0
1,963,4265.0,1401.25,0,963,1487,0
1,964,2791.0,1402.25,0,964,1466,0
1,965,3182.714285714286,1403.0,0,965,1444,0
1,966,1367.6666666666667,1403.6666666666667,0,966,1483,0
1,967,1462.0,1405.0,0,967,0,0
1,968,934.1666666666666,1407.8333333333333,0,968,1497,0
1,969,1231.0,1408.0,0,969,1476,0
1,970,3699.8333333333335,1408.1666666666667,0,970,1492,0
1,971,1388.5,1411.5,0,971,1483,0
1,972,2261.5,1410.5,0,972,1498,0
1,973,3383.4,1417.8,0,973,1502,0
1,974,3212.5,1418.5,0,974,1509,0
1,975,914.8,1421.4,0,975,1501,0
1,976,3675.0,1427.0,0,976,1491,0
1,977,4100.0,1427.0,0,977,1496,0
1,978,2338.5,1431.5,0,978,1484,0
1,979,2346.5,1432.5,0,979,1484,0
1,980,1626.0,1433.0,0,980,1505,0
1,981,951.3333333333334,1439.3333333333333,0,981,1536,0
1,982,3365.2,1443.6,0,982,1502,0
1,983,345.8333333333333,1448.1666666666667,0,983,1515,0
1,984,4525.714285714285,1451.0,0,984,1553,0
1,985,1606.0,1453.5,0,985,1512,0
1,986,351.6,1454.8,0,986,1515,0
1,987,1208.1666666666667,1455.8333333333333,0,987,0,0
1,988,2283.285714285714,1456.0,0,988,0,0
1,989,2849.285714285714,1456.0,0,989,1531,0
1,990,514.0,1457.0,0,990,0,0
1,991,4553.0,1457.7142857142858,0,991,1553,0
1,992,1263.4,1462.2,0,992,1544,0
1,993,4313.5,1463.5,0,993,1560,0
1,994,3373.6666666666665,1464.6666666666667,0,994,1546,0
1,995,2349.0,1467.5,0,995,1522,0
1,996,1764.1666666666667,1468.8333333333333,0,996,1525,0
1,997,952.1666666666666,1470.3333333333333,0,997,1543,0
1,998,3359.5,1470.5,0,998,1546,0
1,999,4530.0,1474.0,0,999,1553,0
1,1000,3077.0,1475.0,0,1000,1550,0
1,1001,638.5,1477.0,0,1001,1541,0
1,1002,2358.5,1477.0,0,1002,1522,0
1,1003,3160.8333333333335,1477.1666666666667,0,1003,1528,0
1,1004,2698.8,1479.4,0,1004,1566,0
1,1005,351.8333333333333,1479.1666666666667,0,1005,1559,0
1,1006,3364.4,1480.8,0,1006,1558,0
1,1007,946.0,1480.5,0,1007,1536,0
1,1008,3154.0,1482.0,0,1008,1528,0
1,1009,3354.0,1482.0,0,1009,1558,0
1,1010,3378.2,1482.6,0,1010,1558,0
1,1011,4102.666666666667,1483.3333333333333,0,1011,0,29
1,1012,937.0,1486.5,0,1012,1536,0
1,1013,4527.5,1488.0,0,1013,1553,0
1,1014,2905.5,1487.5,0,1014,1567,0
1,1015,930.6,1489.2,0,1015,1590,0
1,1016,4529.5,1489.0,0,1016,1553,0
1,1017,822.0,1490.0,0,1017,1604,0
1,1018,2548.5,1490.0,0,1018,1579,0
1,1019,4526.75,1490.25,0,1019,1553,0
1,1020,3055.5,1490.5,0,1020,1550,0
1,1021,486.5,1492.5,0,1021,1587,0
1,1022,1383.0,1495.5,0,1022,1584,0
1,1023,976.5,1496.5,0,1023,1581,0
1,1024,4530.0,1496.5,0,1024,1553,0
1,1025,1312.8,1498.4,0,1025,1615,0
1,1026,1315.5,1498.0,0,1026,1615,0
1,1027,1435.0,1498.1666666666667,0,1027,0,0
1,1028,3102.6,1498.2,0,1028,1592,0
1,1029,3377.0,1498.5,0,1029,1558,0
1,1030,1738.0,1498.75,0,1030,1597,0
1,1031,4518.5,1499.0,0,1031,1553,0
1,1032,4285.333333333333,1500.6666666666667,0,1032,1560,0
1,1033,522.2,1503.6,0,1033,1580,0
1,1034,1245.5,1503.0,0,1034,1544,0
1,1035,3284.0,1503.0,0,1035,1586,0
1,1036,3277.3333333333335,1505.3333333333333,0,1036,1586,0
1,1037,4098.857142857143,1506.2857142857142,0,1037,0,29
1,1038,2054.0,1508.0,0,1038,1570,0
1,1039,3066.0,1508.0,0,1039,1578,0
1,1040,523.6666666666666,1514.6666666666667,0,1040,1580,0
1,1041,980.5,1514.5,0,1041,1581,0
1,1042,3083.5,1513.5,0,1042,1617,0
1,1043,3473.0,1516.2857142857142,0,1043,1629,0
1,1044,3498.5,1516.5,0,1044,1601,0
1,1045,4534.5,1516.0,0,1045,1602,0
1,1046,1463.0,1516.75,0,1046,1621,0
1,1047,2888.0,1517.5,0,1047,1605,0
1,1048,780.5,1519.0,0,1048,1603,0
1,1049,2927.0,1523.0,0,1049,1610,0
1,1050,4235.166666666667,1522.8333333333333,0,1050,0,0
1,1051,3058.0,1524.0,0,1051,1617,0
1,1052,976.2857142857143,1525.0,0,1052,1620,0
1,1053,1337.0,1525.5,0,1053,1627,0
1,1054,1317.0,1526.5,0,1054,1615,0
1,1055,2984.1666666666665,1534.1666666666667,0,1055,1614,0
1,1056,3486.2,1534.6,0,1056,1629,0
1,1057,1474.2,1535.6,0,1057,1621,0
1,1058,1404.7142857142858,1537.0,0,1058,1640,0
1,1059,1486.5,1536.5,0,1059,1621,0
1,1060,2265.6666666666665,1537.3333333333333,0,1060,0,0
1,1061,3640.8333333333335,1538.1666666666667,0,1061,1658,0
1,1062,3639.0,1539.0,0,1062,1658,0
1,1063,3475.0,1540.0,0,1063,1629,0
1,1064,1351.0,1541.1666666666667,0,1064,1627,0
1,1065,963.6,1541.8,0,1065,1620,0
1,1066,195.5,1543.0,0,1066,0,0
1,1067,1842.0,1547.5,0,1067,1628,0
1,1068,3096.0,1547.0,0,1068,1617,0
1,1069,914.5,1549.5,0,1069,0,0
1,1070,1631.8,1551.4,0,1070,1635,0
1,1071,1504.0,1552.0,0,1071,1621,0
1,1072,3365.0,1554.75,0,1072,0,0
1,1073,1440.4,1555.8,0,1073,1631,0
1,1074,3666.0,1557.7142857142858,0,1074,1648,0
1,1075,777.5,1559.5,0,1075,1668,0
1,1076,2743.714285714286,1559.0,0,1076,1666,0
1,1077,918.8333333333334,1561.1666666666667,0,1077,1672,0
1,1078,4421.0,1566.0,0,1078,0,0
1,1079,1288.5,1568.0,0,1079,1650,0
1,1080,2425.8333333333335,1571.1666666666667,0,1080,1675,0
1,1081,2756.5,1572.5,0,1081,1676,0
1,1082,357.5,1572.5,0,1082,0,0
1,1083,1173.5,1576.0,0,1083,1695,0
1,1084,2494.3333333333335,1575.6666666666667,0,1084,0,0
1,1085,1902.0,1577.5,0,1085,1679,0
1,1086,301.5,1578.0,0,1086,0,0
1,1087,4101.285714285715,1578.0,0,1087,1691,0
1,1088,3825.0,1579.0,0,1088,0,0
1,1089,761.0,1584.0,0,1089,1698,0
1,1090,3162.0,1584.5,0,1090,0,0
1,1091,396.8,1586.4,0,1091,1696,0
1,1092,2163.0,1588.0,0,1092,1673,0
1,1093,695.5,1590.0,0,1093,1678,0
1,1094,3427.6666666666665,1592.3333333333333,0,1094,1735,0
1,1095,1970.1666666666667,1593.1666666666667,0,1095,1702,0
1,1096,2158.0,1594.2857142857142,0,1096,1673,0
1,1097,400.5,1596.5,0,1097,1696,0
1,1098,2134.714285714286,1600.0,0,1098,0,0
1,1099,735.3333333333334,1602.6666666666667,0,1099,1682,0
1,1100,1422.2,1603.6,0,1100,1707,0
1,1101,4575.0,1603.0,0,1101,1697,0
1,1102,4590.0,1603.0,0,1102,1697,0
1,1103,1973.0,1603.5,0,1103,0,0
1,1104,723.0,1604.5,0,1104,1716,0
1,1105,4719.285714285715,1606.142857142857,0,1105,1706,0
1,1106,1169.5,1607.0,0,1106,1695,0
1,1107,4312.8,1607.6,0,1107,1718,0
1,1108,268.0,1608.5,0,1108,1723,0
1,1109,1367.0,1610.5,0,1109,1733,0
1,1110,4231.0,1611.0,0,1110,1727,0
1,1111,2549.0,1612.5,0,1111,1712,0
1,1112,4699.0,1612.0,0,1112,0,0
1,1113,1423.6666666666667,1612.6666666666667,0,1113,1707,0
1,1114,937.2,1613.8,0,1114,0,0
1,1115,1379.0,1614.5,0,1115,1733,0
1,1116,658.2857142857143,1618.0,0,1116,1700,0
1,1117,3232.3333333333335,1618.6666666666667,0,1117,1714,0
1,1118,3664.5,1619.5,0,1118,1720,0
1,1119,1814.0,1619.7142857142858,0,1119,0,0
1,1120,3344.6666666666665,1622.3333333333333,0,1120,1726,0
1,1121,2883.4,1625.2,0,1121,0,0
1,1122,3433.1666666666665,1625.3333333333333,0,1122,1735,0
1,1123,3437.5,1624.5,0,1123,1735,0
1,1124,3351.5,1626.0,0,1124,1726,0
1,1125,773.5,1627.5,0,1125,1728,0
1,1126,1385.0,1626.5,0,1126,1733,0
1,1127,1380.1666666666667,1628.8333333333333,0,1127,1733,0
1,1128,786.0,1633.0,0,1128,1728,0
1,1129,2557.6666666666665,1633.6666666666667,0,1129,1745,0
1,1130,784.0,1635.2857142857142,0,1130,1728,0
1,1131,3522.0,1641.2857142857142,0,1131,1764,0
1,1132,820.8333333333334,1643.1666666666667,0,1132,1751,0
1,1133,3030.3333333333335,1647.3333333333333,0,1133,1766,0
1,1134,3981.5,1646.5,0,1134,0,32
1,1135,3490.0,1648.2,0,1135,0,33
1,1136,3995.0,1649.0,0,1136,0,32
1,1137,2762.0,1649.5,0,1137,1800,0
1,1138,1662.1666666666667,1650.8333333333333,0,1138,1738,0
1,1139,2227.6666666666665,1653.3333333333333,0,1139,1794,0
1,1140,3485.5,1653.5,0,1140,0,33
1,1141,2720.0,1654.5,0,1141,1770,0
1,1142,3494.4,1654.2,0,1142,0,33
1,1143,4036.0,1654.2857142857142,0,1143,1771,0
1,1144,3959.5,1656.5,0,1144,0,31
1,1145,1151.2857142857142,1657.0,0,1145,1781,0
1,1146,2131.285714285714,1657.0,0,1146,1789,0
1,1147,3274.6666666666665,1658.6666666666667,0,1147,0,0
1,1148,3500.3333333333335,1660.1666666666667,0,1148,0,33
1,1149,3459.0,1662.5,0,1149,0,34
1,1150,2694.6,1663.8,0,1150,1770,0
1,1151,3257.0,1664.0,0,1151,1798,0
1,1152,3512.5,1664.5,0,1152,0,33
1,1153,2129.714285714286,1667.0,0,1153,1789,0
1,1154,2136.5,1667.3333333333333,0,1154,1789,0
1,1155,2686.4285714285716,1667.142857142857,0,1155,1779,0
1,1156,3462.0,1666.5,0,1156,0,34
1,1157,3259.0,1668.5,0,1157,1798,0
1,1158,729.5,1669.5,0,1158,0,0
1,1159,1279.3333333333333,1669.3333333333333,0,1159,1787,0
1,1160,2733.5,1669.0,0,1160,1808,0
1,1161,3250.0,1670.5,0,1161,1798,0
1,1162,1758.8333333333333,1670.8333333333333,0,1162,1797,0
1,1163,505.0,1672.2857142857142,0,1163,1790,0
1,1164,1633.5,1673.5,0,1164,1796,0
1,1165,2905.3333333333335,1672.6666666666667,0,1165,0,0
1,1166,3478.0,1673.0,0,1166,0,34
1,1167,4238.0,1672.7142857142858,0,1167,0,0
1,1168,3263.0,1674.0,0,1168,1798,0
1,1169,4039.6666666666665,1674.3333333333333,0,1169,1771,0
1,1170,526.0,1674.5,0,1170,1784,0
1,1171,1305.6666666666667,1677.3333333333333,0,1171,1803,0
1,1172,1748.8333333333333,1678.1666666666667,0,1172,1797,0
1,1173,2229.285714285714,1678.0,0,1173,1794,0
1,1174,2713.5,1679.0,0,1174,1807,0
1,1175,3501.3333333333335,1678.3333333333333,0,1175,0,35
1,1176,4152.285714285715,1679.0,0,1176,1806,0
1,1177,1639.2857142857142,1680.5714285714287,0,1177,1796,0
1,1178,2748.4,1679.8,0,1178,1808,0
1,1179,3507.0,1679.8333333333333,0,1179,0,35
1,1180,1667.7142857142858,1685.0,0,1180,1792,0
1,1181,2738.0,1686.5,0,1181,1808,0
1,1182,2723.5,1687.0,0,1182,1814,0
1,1183,2725.8571428571427,1687.2857142857142,0,1183,1814,0
1,1184,386.0,1690.0,0,1184,1829,0
1,1185,4139.666666666667,1693.3333333333333,0,1185,1805,0
1,1186,1983.5,1694.5,0,1186,1839,0
1,1187,3584.2,1693.6,0,1187,0,0
1,1188,4141.0,1694.0,0,1188,1827,0
1,1189,690.2857142857143,1695.0,0,1189,0,0
1,1190,2707.0,1695.5,0,1190,1814,0
1,1191,3144.714285714286,1695.0,0,1191,0,0
1,1192,1634.5,1696.0,0,1192,1826,0
1,1193,1681.5,1696.0,0,1193,1817,0
1,1194,3518.285714285714,1696.5714285714287,0,1194,1821,0
1,1195,1764.0,1696.5,0,1195,1797,0
1,1196,3510.5,1696.5,0,1196,1821,0
1,1197,2702.0,1697.5,0,1197,1807,0
1,1198,2705.75,1700.25,0,1198,1814,0
1,1199,3966.0,1700.75,0,1199,0,37
1,1200,1718.5,1704.0,0,1200,1834,0
1,1201,2693.8,1704.8,0,1201,1807,0
1,1202,3503.4,1704.8,0,1202,1821,0
1,1203,3711.0,1705.0,0,1203,1810,0
1,1204,740.0,1706.7142857142858,0,1204,0,0
1,1205,1685.5,1707.5,0,1205,1817,0
1,1206,2213.5,1707.5,0,1206,1837,0
1,1207,2742.285714285714,1709.0,0,1207,1808,0
1,1208,440.0,1718.0,0,1208,1829,0
1,1209,1923.6666666666667,1718.3333333333333,0,1209,0,39
1,1210,3066.5,1718.0,0,1210,1861,0
1,1211,4435.166666666667,1719.8333333333333,0,1211,1859,0
1,1212,945.0,1722.0,0,1212,1849,0
1,1213,567.2,1724.6,0,1213,1881,0
1,1214,2657.6666666666665,1724.3333333333333,0,1214,1879,0
1,1215,3077.5,1725.0,0,1215,1861,0
1,1216,319.14285714285717,1725.7142857142858,0,1216,1896,0
1,1217,3286.6666666666665,1725.6666666666667,0,1217,0,44
1,1218,939.0,1728.5,0,1218,1853,0
1,1219,4254.0,1732.0,0,1219,0,42
1,1220,3878.5,1732.0,0,1220,1875,0
1,1221,866.7142857142857,1733.0,0,1221,1877,0
1,1222,900.0,1735.0,0,1222,1857,0
1,1223,3116.0,1734.5,0,1223,1868,0
1,1224,803.6666666666666,1737.6666666666667,0,1224,1891,0
1,1225,3076.75,1737.25,0,1225,1861,0
1,1226,3936.6,1737.2,0,1226,1840,0
1,1227,3056.75,1739.25,0,1227,1861,0
1,1228,4468.714285714285,1741.0,0,1228,1898,0
1,1229,3246.8,1748.4,0,1229,1856,0
1,1230,3876.285714285714,1749.0,0,1230,1875,0
1,1231,1165.0,1751.5,0,1231,1893,0
1,1232,1899.7142857142858,1752.0,0,1232,0,41
1,1233,4729.5,1752.0,0,1233,1873,0
1,1234,525.5,1753.5,0,1234,1900,0
1,1235,1889.8333333333333,1753.1666666666667,0,1235,0,41
1,1236,2353.0,1757.0,0,1236,1886,0
1,1237,4126.5,1758.5,0,1237,1907,0
1,1238,1421.6666666666667,1758.6666666666667,0,1238,1906,0
1,1239,545.7142857142857,1761.0,0,1239,1913,0
1,1240,2988.0,1761.7142857142858,0,1240,1904,0
1,1241,1475.0,1761.7142857142858,0,1241,1906,0
1,1242,805.5,1764.5,0,1242,1914,0
1,1243,1560.7142857142858,1764.5714285714287,0,1243,1923,0
1,1244,3385.5,1763.5,0,1244,0,0
1,1245,4848.5,1765.5,0,1245,1918,0
1,1246,1885.25,1766.0,0,1246,0,41
1,1247,2047.0,1766.5,0,1247,1890,0
1,1248,1874.5,1768.0,0,1248,0,41
1,1249,175.5,1769.0,0,1249,1934,0
1,1250,3251.0,1769.0,0,1250,0,45
1,1251,4854.0,1770.2857142857142,0,1251,1918,0
1,1252,1896.0,1773.0,0,1252,0,41
1,1253,1664.0,1775.2857142857142,0,1253,0,0
1,1254,1009.0,1776.0,0,1254,0,0
1,1255,3289.0,1776.5,0,1255,0,45
1,1256,297.5,1778.0,0,1256,1935,0
1,1257,1661.4,1781.8,0,1257,0,0
1,1258,1446.0,1786.5,0,1258,1906,0
1,1259,3270.0,1785.5,0,1259,0,45
1,1260,228.0,1790.0,0,1260,1953,0
1,1261,3832.5,1792.0,0,1261,1961,0
1,1262,961.0,1792.7142857142858,0,1262,1971,0
1,1263,4320.285714285715,1795.0,0,1263,1942,0
1,1264,303.0,1797.0,0,1264,1949,0
1,1265,930.6666666666666,1798.3333333333333,0,1265,0,0
1,1266,501.0,1803.0,0,1266,1975,0
1,1267,3851.5,1805.5,0,1267,1961,0
1,1268,1445.0,1806.5,0,1268,1906,0
1,1269,2201.285714285714,1805.857142857143,0,1269,1960,0
1,1270,510.6,1806.8,0,1270,1975,0
1,1271,532.5,1807.5,0,1271,1962,0
1,1272,1407.0,1807.0,0,1272,1943,0
1,1273,2089.1666666666665,1806.8333333333333,0,1273,1945,0
1,1274,1055.0,1808.0,0,1274,1948,0
1,1275,4092.8333333333335,1808.1666666666667,0,1275,0,0
1,1276,484.0,1812.0,0,1276,1975,0
1,1277,532.6666666666666,1811.6666666666667,0,1277,1962,0
1,1278,2037.8333333333333,1815.1666666666667,0,1278,1950,0
1,1279,2836.0,1820.0,0,1279,1995,0
1,1280,4907.5,1820.0,0,1280,1988,0
1,1281,2816.0,1825.0,0,1281,2002,0
1,1282,1040.0,1826.0,0,1282,1976,0
1,1283,1378.0,1828.5,0,1283,1992,0
1,1284,870.0,1832.0,0,1284,0,0
1,1285,3868.0,1834.0,0,1285,1983,0
1,1286,2532.0,1835.5,0,1286,2006,0
1,1287,1182.142857142857,1837.2857142857142,0,1287,2018,0
1,1288,2031.0,1837.5,0,1288,1990,0
1,1289,2830.4285714285716,1839.2857142857142,0,1289,1995,0
1,1290,2826.0,1840.2857142857142,0,1290,2002,0
1,1291,1387.5,1843.5,0,1291,2040,0
1,1292,488.0,1844.0,0,1292,2047,0
1,1293,3113.5,1845.5,0,1293,0,0
1,1294,1652.5,1846.5,0,1294,0,0
1,1295,3465.5,1846.0,0,1295,2007,0
1,1296,4082.714285714286,1847.0,0,1296,2017,0
1,1297,1385.0,1848.1666666666667,0,1297,2040,0
1,1298,5071.714285714285,1848.0,0,1298,2005,0
1,1299,1527.5,1849.0,0,1299,2023,0
1,1300,1608.0,1850.5,0,1300,2036,0
1,1301,903.5,1855.5,0,1301,2025,0
1,1302,1653.0,1855.5,0,1302,0,0
1,1303,1811.7142857142858,1858.857142857143,0,1303,2022,0
1,1304,1813.8333333333333,1859.8333333333333,0,1304,2022,0
1,1305,5068.333333333333,1859.6666666666667,0,1305,2005,0
1,1306,2924.0,1862.0,0,1306,0,0
1,1307,2129.5,1862.5,0,1307,2060,0
1,1308,2120.3333333333335,1864.3333333333333,0,1308,2060,0
1,1309,1358.0,1864.5,0,1309,2040,0
1,1310,1577.5,1867.0,0,1310,2036,0
1,1311,4158.0,1867.0,0,1311,2029,0
1,1312,1709.6666666666667,1875.3333333333333,0,1312,2079,0
1,1313,1381.5,1876.5,0,1313,2055,0
1,1314,4469.0,1878.5,0,1314,2076,0
1,1315,1614.0,1880.5,0,1315,2091,0
1,1316,4452.5,1881.0,0,1316,2076,0
1,1317,1822.3333333333333,1881.6666666666667,0,1317,2054,0
1,1318,5016.5,1882.5,0,1318,0,0
1,1319,1241.0,1886.2857142857142,0,1319,2048,0
1,1320,2118.5,1886.5,0,1320,2068,0
1,1321,1361.0,1887.5,0,1321,2055,0
1,1322,4254.5,1888.5,0,1322,2084,0
1,1323,3611.5,1890.5,0,1323,2069,0
1,1324,2180.0,1892.5,0,1324,2083,0
1,1325,3624.1666666666665,1893.1666666666667,0,1325,2099,0
1,1326,1588.6666666666667,1894.3333333333333,0,1326,2078,0
1,1327,2091.6666666666665,1894.3333333333333,0,1327,2068,0
1,1328,2077.5,1898.0,0,1328,2088,0
1,1329,1009.6666666666666,1901.6666666666667,0,1329,2067,0
1,1330,2062.285714285714,1903.0,0,1330,2094,0
1,1331,4957.166666666667,1904.6666666666667,0,1331,2107,0
1,1332,1703.0,1907.7142857142858,0,1332,2079,0
1,1333,1871.3333333333333,1909.6666666666667,0,1333,2087,0
1,1334,4725.0,1910.5,0,1334,2135,0
1,1335,2124.5,1911.0,0,1335,2106,0
1,1336,1602.8,1911.6,0,1336,2105,0
1,1337,2582.0,1911.5,0,1337,2122,0
1,1338,1673.0,1913.0,0,1338,2123,0
1,1339,4819.0,1913.0,0,1339,2104,0
1,1340,1705.6666666666667,1914.3333333333333,0,1340,2079,0
1,1341,2135.0,1915.0,0,1341,2106,0
1,1342,1601.4285714285713,1917.7142857142858,0,1342,2105,0
1,1343,4491.0,1920.2857142857142,0,1343,0,0
1,1344,2535.2,1922.4,0,1344,2118,0
1,1345,3425.5,1922.0,0,1345,0,0
1,1346,2559.1666666666665,1923.8333333333333,0,1346,2122,0
1,1347,3537.0,1923.5,0,1347,2108,0
1,1348,1676.8333333333333,1924.3333333333333,0,1348,2123,0
1,1349,1691.0,1927.7142857142858,0,1349,2123,0
1,1350,3369.5,1928.5,0,1350,2139,0
1,1351,1584.5,1929.5,0,1351,2102,0
1,1352,3608.0,1928.2857142857142,0,1352,2099,0
1,1353,3455.0,1932.7142857142858,0,1353,0,0
1,1354,4506.5,1933.5,0,1354,2137,0
1,1355,705.0,1936.0,0,1355,2120,0
1,1356,349.3333333333333,1938.3333333333333,0,1356,2143,0
1,1357,2127.0,1938.0,0,1357,2126,0
1,1358,1679.5,1939.5,0,1358,2123,0
1,1359,1672.6666666666667,1939.6666666666667,0,1359,2123,0
1,1360,4519.333333333333,1943.3333333333333,0,1360,2137,0
1,1361,1672.5,1945.5,0,1361,2123,0
1,1362,4712.166666666667,1945.8333333333333,0,1362,2135,0
1,1363,3364.0,1947.0,0,1363,2139,0
1,1364,3368.3333333333335,1947.3333333333333,0,1364,2139,0
1,1365,1676.5,1951.5,0,1365,2123,0
1,1366,3022.0,1952.0,0,1366,2152,0
1,1367,2595.5,1953.5,0,1367,2159,0
1,1368,2583.0,1955.0,0,1368,2159,0
1,1369,316.5,1960.0,0,1369,2143,0
1,1370,339.7142857142857,1961.0,0,1370,2143,0
1,1371,347.5,1962.0,0,1371,2143,0
1,1372,4822.666666666667,1961.6666666666667,0,1372,2140,0
1,1373,5170.285714285715,1963.142857142857,0,1373,0,48
1,1374,5188.5,1963.5,0,1374,0,47
1,1375,2574.3333333333335,1970.6666666666667,0,1375,2159,0
1,1376,5184.714285714285,1973.0,0,1376,0,47
1,1377,2130.0,1973.2857142857142,0,1377,2157,0
1,1378,2091.0,1975.0,0,1378,2157,0
1,1379,3035.4,1975.2,0,1379,2152,0
1,1380,5185.0,1975.0,0,1380,0,47
1,1381,5187.0,1974.5,0,1381,0,47
1,1382,1915.2,1978.6,0,1382,2162,0
1,1383,835.75,1982.0,0,1383,0,0
1,1384,226.5,1983.0,0,1384,2160,0
1,1385,5130.4,1984.2,0,1385,0,49
1,1386,219.16666666666666,1984.8333333333333,0,1386,2160,0
1,1387,591.0,1985.0,0,1387,2167,0
1,1388,3083.0,1986.0,0,1388,0,0
1,1389,227.4,1986.2,0,1389,2160,0
1,1390,5189.0,1987.0,0,1390,0,47
1,1391,1920.0,1988.0,0,1391,2162,0
1,1392,1883.5,1992.5,0,1392,2185,0
1,1393,2076.0,1993.5,0,1393,2157,0
1,1394,2852.285714285714,1993.0,0,1394,2171,0
1,1395,5209.166666666667,1993.8333333333333,0,1395,0,47
1,1396,1915.1666666666667,1994.8333333333333,0,1396,2162,0
1,1397,207.0,1997.2857142857142,0,1397,2160,0
1,1398,4840.5,1997.5,0,1398,2183,0
1,1399,1878.5,1998.5,0,1399,2185,0
1,1400,1889.5,1999.0,0,1400,2185,0
1,1401,4868.5,2001.5,0,1401,2183,0
1,1402,5127.5,2001.5,0,1402,0,49
1,1403,2440.0,2003.2857142857142,0,1403,2194,0
1,1404,2404.5,2004.0,0,1404,0,0
1,1405,4860.0,2010.0,0,1405,2183,0
1,1406,2118.714285714286,2014.857142857143,0,1406,2173,0
1,1407,1738.5,2015.5,0,1407,0,0
1,1408,1424.0,2023.0,0,1408,2189,0
1,1409,2359.1666666666665,2025.8333333333333,0,1409,2178,0
1,1410,541.2857142857143,2027.0,0,1410,2214,0
1,1411,2436.0,2029.0,0,1411,2209,0
1,1412,2445.0,2030.5,0,1412,2194,0
1,1413,2455.3333333333335,2031.6666666666667,0,1413,2194,0
1,1414,1462.3333333333333,2032.6666666666667,0,1414,2207,0
1,1415,4251.0,2032.7142857142858,0,1415,0,0
1,1416,3058.5,2033.5,0,1416,2197,0
1,1417,400.0,2035.0,0,1417,2202,0
1,1418,1000.0,2035.5,0,1418,2200,0
1,1419,216.0,2036.5,0,1419,0,0
1,1420,1881.0,2036.5,0,1420,2201,0
1,1421,902.5,2036.5,0,1421,0,0
1,1422,1758.0,2038.0,0,1422,2230,0
1,1423,424.2,2040.0,0,1423,2202,0
1,1424,3835.1666666666665,2041.8333333333333,0,1424,2218,0
1,1425,431.0,2046.25,0,1425,2205,0
1,1426,574.5,2046.5,0,1426,2231,0
1,1427,772.0,2047.0,0,1427,2243,0
1,1428,967.4,2047.8,0,1428,2238,0
1,1429,1432.3333333333333,2050.3333333333335,0,1429,2207,0
1,1430,3862.5,2050.5,0,1430,2218,0
1,1431,3565.0,2054.0,0,1431,2234,0
1,1432,3715.3333333333335,2053.6666666666665,0,1432,2250,0
1,1433,785.0,2054.714285714286,0,1433,2243,0
1,1434,2219.5,2055.0,0,1434,2256,0
1,1435,3887.5,2055.5,0,1435,2235,0
1,1436,1765.5,2059.5,0,1436,2230,0
1,1437,1594.5,2064.5,0,1437,2245,0
1,1438,2788.1666666666665,2064.1666666666665,0,1438,0,0
1,1439,2739.285714285714,2065.0,0,1439,2220,0
1,1440,1929.0,2066.714285714286,0,1440,2232,0
1,1441,1908.0,2068.714285714286,0,1441,2224,0
1,1442,1601.0,2069.714285714286,0,1442,2245,0
1,1443,1940.6,2072.2,0,1443,2239,0
1,1444,3854.5,2073.0,0,1444,2242,0
1,1445,4801.285714285715,2074.0,0,1445,0,0
1,1446,1725.5,2077.5,0,1446,2244,0
1,1447,3379.25,2079.0,0,1447,0,0
1,1448,949.1666666666666,2079.8333333333335,0,1448,2263,0
1,1449,2276.5,2079.5,0,1449,2252,0
1,1450,388.5,2085.0,0,1450,0,0
1,1451,1916.5,2084.5,0,1451,2248,0
1,1452,388.0,2087.0,0,1452,0,0
1,1453,3795.5,2094.0,0,1453,2279,0
1,1454,3335.3333333333335,2096.3333333333335,0,1454,0,51
1,1455,4481.5,2096.0,0,1455,0,55
1,1456,3575.6666666666665,2097.6666666666665,0,1456,2257,0
1,1457,1533.2857142857142,2099.0,0,1457,2270,0
1,1458,2168.0,2100.0,0,1458,2275,0
1,1459,1109.8333333333333,2100.8333333333335,0,1459,2236,0
1,1460,4847.5,2101.5,0,1460,2254,0
1,1461,1325.0,2102.0,0,1461,2290,0
1,1462,3819.0,2103.0,0,1462,2264,0
1,1463,4462.5,2103.5,0,1463,0,55
1,1464,4496.0,2104.285714285714,0,1464,0,55
1,1465,4865.0,2104.0,0,1465,2254,0
1,1466,4490.0,2105.714285714286,0,1466,0,55
1,1467,3577.5,2106.5,0,1467,2257,0
1,1468,3822.0,2109.5,0,1468,2280,0
1,1469,2011.5,2114.0,0,1469,2273,0
1,1470,3299.8333333333335,2114.1666666666665,0,1470,0,54
1,1471,4463.166666666667,2116.1666666666665,0,1471,0,55
1,1472,4474.5,2116.0,0,1472,0,55
1,1473,3311.0,2120.0,0,1473,0,54
1,1474,4472.0,2122.5,0,1474,0,55
1,1475,4483.0,2122.5,0,1475,0,55
1,1476,1781.5,2125.0,0,1476,2314,0
1,1477,1660.8,2125.4,0,1477,0,0
1,1478,1004.5,2127.5,0,1478,2306,0
1,1479,1223.7142857142858,2128.0,0,1479,2315,0
1,1480,3292.5,2128.0,0,1480,0,54
1,1481,1913.5,2128.5,0,1481,2299,0
1,1482,4841.0,2130.0,0,1482,2328,0
1,1483,1361.0,2132.714285714286,0,1483,0,0
1,1484,3418.0,2133.0,0,1484,2285,0
1,1485,1226.5,2136.0,0,1485,2315,0
1,1486,1878.5,2138.0,0,1486,0,0
1,1487,1390.0,2144.0,0,1487,0,0
1,1488,2006.0,2143.5,0,1488,2323,0
1,1489,724.0,2144.5,0,1489,0,0
1,1490,781.0,2145.5,0,1490,2321,0
1,1491,3452.0,2145.0,0,1491,2313,0
1,1492,1136.5,2148.0,0,1492,2317,0
1,1493,1189.0,2151.5,0,1493,2322,0
1,1494,3344.8333333333335,2153.1666666666665,0,1494,2309,0
1,1495,4609.2,2154.6,0,1495,2326,0
1,1496,4863.4,2155.8,0,1496,0,0
1,1497,2122.5,2157.0,0,1497,2342,0
1,1498,1124.0,2159.0,0,1498,2317,0
1,1499,2929.8,2167.4,0,1499,2318,0
1,1500,5385.0,2168.5,0,1500,0,0
1,1501,806.0,2169.5,0,1501,2321,0
1,1502,3466.6,2173.8,0,1502,2341,0
1,1503,1605.3333333333333,2177.6666666666665,0,1503,0,0
1,1504,4599.0,2178.0,0,1504,2326,0
1,1505,782.4,2178.2,0,1505,2346,0
1,1506,2128.5,2180.0,0,1506,2342,0
1,1507,1557.0,2188.285714285714,0,1507,0,0
1,1508,5012.333333333333,2188.6666666666665,0,1508,2352,0
1,1509,1300.6666666666667,2192.6666666666665,0,1509,2363,0
1,1510,1318.5714285714287,2195.714285714286,0,1510,2363,0
1,1511,1509.8333333333333,2198.1666666666665,0,1511,2376,0
1,1512,2206.0,2199.5,0,1512,2358,0
1,1513,1882.8333333333333,2199.8333333333335,0,1513,2367,0
1,1514,1943.0,2201.0,0,1514,0,0
1,1515,711.5,2202.0,0,1515,0,0
1,1516,2039.3333333333333,2202.3333333333335,0,1516,2359,0
1,1517,472.5,2203.5,0,1517,2375,0
1,1518,589.5,2203.5,0,1518,0,0
1,1519,4836.0,2203.0,0,1519,0,57
1,1520,1873.0,2205.0,0,1520,2367,0
1,1521,4831.666666666667,2207.3333333333335,0,1521,0,57
1,1522,4837.0,2207.0,0,1522,0,57
1,1523,4841.166666666667,2208.1666666666665,0,1523,0,57
1,1524,1488.4285714285713,2209.714285714286,0,1524,2376,0
1,1525,1621.6,2209.8,0,1525,2377,0
1,1526,205.0,2211.0,0,1526,2360,0
1,1527,1034.6666666666667,2211.3333333333335,0,1527,2390,0
1,1528,4828.5,2213.6666666666665,0,1528,0,57
1,1529,1637.0,2214.5,0,1529,2377,0
1,1530,4840.5,2214.0,0,1530,0,57
1,1531,2991.714285714286,2215.0,0,1531,2366,0
1,1532,4838.5,2219.5,0,1532,0,57
1,1533,4837.0,2219.5,0,1533,0,57
1,1534,1486.2,2221.0,0,1534,2376,0
1,1535,2998.0,2223.0,0,1535,2366,0
1,1536,1718.5,2224.0,0,1536,0,0
1,1537,2352.0,2223.5,0,1537,2372,0
1,1538,4820.5,2225.0,0,1538,0,57
1,1539,2355.3333333333335,2227.6666666666665,0,1539,2372,0
1,1540,1476.8,2232.4,0,1540,2385,0
1,1541,1978.3333333333333,2232.3333333333335,0,1541,2408,0
1,1542,4819.0,2232.0,0,1542,0,57
1,1543,1740.7142857142858,2234.0,0,1543,2387,0
1,1544,3257.2,2233.6,0,1544,2374,0
1,1545,155.16666666666666,2234.8333333333335,0,1545,2416,0
1,1546,1483.0,2235.714285714286,0,1546,2376,0
1,1547,2004.7142857142858,2236.0,0,1547,2408,0
1,1548,645.0,2239.0,0,1548,2393,0
1,1549,305.0,2242.0,0,1549,2392,0
1,1550,646.6,2256.2,0,1550,2393,0
1,1551,2006.5,2257.0,0,1551,2408,0
1,1552,3261.6,2260.8,0,1552,2406,0
1,1553,1520.1666666666667,2263.8333333333335,0,1553,0,0
1,1554,3263.5,2264.5,0,1554,2414,0
1,1555,164.5,2269.0,0,1555,2416,0
1,1556,197.0,2270.5,0,1556,0,0
1,1557,1508.5,2271.5,0,1557,0,0
1,1558,3258.0,2272.0,0,1558,2414,0
1,1559,464.4,2272.8,0,1559,2425,0
1,1560,133.5,2275.5,0,1560,2416,0
1,1561,1377.8,2274.4,0,1561,2428,0
1,1562,1669.0,2274.5,0,1562,0,0
1,1563,1789.0,2277.0,0,1563,2412,0
1,1564,3427.0,2276.714285714286,0,1564,2431,0
1,1565,1645.5,2283.0,0,1565,2441,0
1,1566,468.57142857142856,2284.714285714286,0,1566,2425,0
1,1567,1448.4,2285.8,0,1567,2430,0
1,1568,3276.5,2285.0,0,1568,2440,0
1,1569,3426.5,2285.5,0,1569,2431,0
1,1570,3431.0,2285.5,0,1570,2431,0
1,1571,1635.1666666666667,2286.8333333333335,0,1571,2441,0
1,1572,3901.5,2287.0,0,1572,0,0
1,1573,1047.7142857142858,2290.0,0,1573,2446,0
1,1574,1263.0,2290.0,0,1574,0,0
1,1575,2238.5,2290.5,0,1575,2448,0
1,1576,2232.0,2292.0,0,1576,2442,0
1,1577,1103.0,2294.5,0,1577,2433,0
1,1578,1633.6666666666667,2294.3333333333335,0,1578,2441,0
1,1579,3142.285714285714,2295.0,0,1579,0,59
1,1580,1396.0,2296.75,0,1580,2428,0
1,1581,3284.285714285714,2299.0,0,1581,2440,0
1,1582,3148.5,2300.5,0,1582,0,59
1,1583,1355.5,2302.0,0,1583,2435,0
1,1584,787.0,2306.714285714286,0,1584,0,0
1,1585,1104.0,2310.0,0,1585,2433,0
1,1586,3127.5,2311.0,0,1586,0,59
1,1587,1877.5,2313.5,0,1587,2451,0
1,1588,1887.0,2314.5,0,1588,2451,0
1,1589,2228.0,2316.5,0,1589,2448,0
1,1590,149.5,2318.0,0,1590,2459,0
1,1591,2541.0,2317.714285714286,0,1591,0,0
1,1592,3148.5,2319.0,0,1592,0,59
1,1593,1878.1666666666667,2320.1666666666665,0,1593,2451,0
1,1594,1958.0,2321.5,0,1594,2485,0
1,1595,2263.0,2322.5,0,1595,2457,0
1,1596,2893.285714285714,2323.0,0,1596,0,60
1,1597,1465.3333333333333,2327.3333333333335,0,1597,2495,0
1,1598,1917.6666666666667,2327.6666666666665,0,1598,2478,0
1,1599,456.5,2329.0,0,1599,2505,0
1,1600,2258.3333333333335,2328.6666666666665,0,1600,2457,0
1,1601,1874.5,2330.5,0,1601,2451,0
1,1602,2913.0,2334.5,0,1602,0,62
1,1603,1061.0,2336.0,0,1603,2501,0
1,1604,1346.0,2336.0,0,1604,2500,0
1,1605,1876.2857142857142,2338.0,0,1605,2451,0
1,1606,1910.0,2338.285714285714,0,1606,2478,0
1,1607,1890.0,2339.714285714286,0,1607,2510,0
1,1608,137.5,2343.5,0,1608,2468,0
1,1609,971.7142857142857,2346.0,0,1609,2484,0
1,1610,1411.0,2345.5,0,1610,2473,0
1,1611,1881.0,2346.0,0,1611,2510,0
1,1612,395.0,2348.0,0,1612,2503,0
1,1613,607.3333333333334,2350.1666666666665,0,1613,2508,0
1,1614,1439.5,2350.5,0,1614,2504,0
1,1615,3490.0,2354.0,0,1615,0,0
1,1616,1344.0,2355.0,0,1616,2500,0
1,1617,1359.5,2356.0,0,1617,2500,0
1,1618,1637.0,2359.0,0,1618,2515,0
1,1619,1893.0,2360.714285714286,0,1619,2510,0
1,1620,1066.5,2362.0,0,1620,2501,0
1,1621,1376.2,2362.8,0,1621,2511,0
1,1622,1397.5,2365.0,0,1622,2511,0
1,1623,1387.0,2371.0,0,1623,2511,0
1,1624,1891.0,2371.0,0,1624,2510,0
1,1625,1385.6666666666667,2371.6666666666665,0,1625,2511,0
1,1626,1326.0,2376.5,0,1626,2514,0
1,1627,1416.8333333333333,2378.1666666666665,0,1627,2522,0
1,1628,2770.285714285714,2378.0,0,1628,2541,0
1,1629,1356.5,2380.0,0,1629,2500,0
1,1630,1321.0,2381.0,0,1630,2530,0
1,1631,182.5,2385.5,0,1631,2556,0
1,1632,2134.714285714286,2385.0,0,1632,0,0
1,1633,4803.333333333333,2385.6666666666665,0,1633,2538,0
1,1634,2026.5,2387.5,0,1634,2546,0
1,1635,1369.0,2389.0,0,1635,2533,0
1,1636,3180.25,2389.0,0,1636,2531,0
1,1637,625.2,2390.0,0,1637,2512,0
1,1638,1294.5,2389.5,0,1638,2545,0
1,1639,1397.7142857142858,2390.0,0,1639,2533,0
1,1640,1436.0,2392.0,0,1640,2522,0
1,1641,1510.0,2392.0,0,1641,2569,0
1,1642,639.1666666666666,2393.1666666666665,0,1642,2552,0
1,1643,642.5,2392.5,0,1643,2552,0
1,1644,409.0,2398.5,0,1644,2551,0
1,1645,1525.2857142857142,2399.0,0,1645,2582,0
1,1646,1508.0,2399.5,0,1646,2569,0
1,1647,1124.0,2403.5,0,1647,2574,0
1,1648,1312.0,2404.0,0,1648,2562,0
1,1649,2172.5,2403.5,0,1649,2548,0
1,1650,1143.25,2407.0,0,1650,2574,0
1,1651,1375.3333333333333,2408.3333333333335,0,1651,2593,0
1,1652,2148.0,2412.0,0,1652,2595,0
1,1653,1114.0,2416.0,0,1653,2574,0
1,1654,1321.8,2415.6,0,1654,2562,0
1,1655,1490.5,2416.0,0,1655,2585,0
1,1656,2787.0,2417.285714285714,0,1656,2586,0
1,1657,185.6,2419.2,0,1657,2556,0
1,1658,1372.3333333333333,2422.6666666666665,0,1658,2593,0
1,1659,1407.5,2423.5,0,1659,2584,0
1,1660,1502.0,2423.5,0,1660,2585,0
1,1661,1518.0,2424.0,0,1661,2585,0
1,1662,1859.5,2425.0,0,1662,2578,0
1,1663,2971.5,2431.0,0,1663,2592,0
1,1664,2963.5,2432.0,0,1664,2592,0
1,1665,3302.6666666666665,2431.6666666666665,0,1665,0,65
1,1666,3301.714285714286,2433.8571428571427,0,1666,0,65
1,1667,1486.5,2437.5,0,1667,2585,0
1,1668,2208.8333333333335,2439.1666666666665,0,1668,2604,0
1,1669,3007.0,2439.5,0,1669,2600,0
1,1670,4260.5,2441.0,0,1670,0,0
1,1671,2949.5,2447.5,0,1671,2599,0
1,1672,3314.3333333333335,2446.6666666666665,0,1672,0,65
1,1673,4570.5,2448.5,0,1673,2602,0
1,1674,1368.6666666666667,2448.6666666666665,0,1674,2615,0
1,1675,745.3333333333334,2456.6666666666665,0,1675,2637,0
1,1676,1248.6666666666667,2458.3333333333335,0,1676,2621,0
1,1677,1123.0,2460.5,0,1677,2596,0
1,1678,3787.0,2463.5,0,1678,0,0
1,1679,714.4285714285714,2468.5714285714284,0,1679,2637,0
1,1680,721.2,2470.6,0,1680,2637,0
1,1681,820.6666666666666,2477.3333333333335,0,1681,2641,0
1,1682,723.3333333333334,2478.3333333333335,0,1682,2637,0
1,1683,1049.5,2480.0,0,1683,0,0
1,1684,704.0,2483.285714285714,0,1684,2637,0
1,1685,237.0,2484.0,0,1685,2630,0
1,1686,200.5,2487.0,0,1686,2654,0
1,1687,2319.285714285714,2490.0,0,1687,2647,0
1,1688,1029.0,2491.0,0,1688,0,0
1,1689,1496.0,2492.5,0,1689,0,0
1,1690,830.5,2496.5,0,1690,2652,0
1,1691,2268.5,2498.5,0,1691,2653,0
1,1692,649.0,2501.5,0,1692,0,0
1,1693,255.5,2502.5,0,1693,0,0
1,1694,164.71428571428572,2503.0,0,1694,2654,0
1,1695,821.3333333333334,2502.6666666666665,0,1695,2652,0
1,1696,186.66666666666666,2513.6666666666665,0,1696,2654,0
1,1697,807.4285714285714,2514.285714285714,0,1697,2652,0
1,1698,863.0,2517.0,0,1698,2662,0
1,1699,1143.5,2518.5,0,1699,2676,0
1,1700,1577.0,2525.5,0,1700,2680,0
1,1701,542.0,2527.0,0,1701,0,66
1,1702,1147.0,2527.5,0,1702,2676,0
1,1703,630.1666666666666,2528.8333333333335,0,1703,0,0
1,1704,2306.0,2532.714285714286,0,1704,2668,0
1,1705,781.0,2533.5,0,1705,0,0
1,1706,946.25,2541.0,0,1706,2702,0
1,1707,942.2,2545.8,0,1707,2702,0
1,1708,2286.5,2548.0,0,1708,2672,0
1,1709,2728.8,2549.8,0,1709,2693,0
1,1710,212.0,2552.0,0,1710,2698,0
1,1711,333.0,2552.5,0,1711,2711,0
1,1712,569.7142857142857,2554.0,0,1712,0,67
1,1713,1664.5,2554.0,0,1713,2689,0
1,1714,1325.6666666666667,2557.3333333333335,0,1714,2681,0
1,1715,3639.5,2563.0,0,1715,0,0
1,1716,935.8333333333334,2565.1666666666665,0,1716,2712,0
1,1717,3645.5,2565.0,0,1717,0,0
1,1718,325.8333333333333,2566.1666666666665,0,1718,2711,0
1,1719,338.25,2568.0,0,1719,2711,0
1,1720,1277.7142857142858,2572.0,0,1720,2723,0
1,1721,2116.5,2572.0,0,1721,0,0
1,1722,2143.5,2571.5,0,1722,2724,0
1,1723,811.5,2573.0,0,1723,2717,0
1,1724,3295.0,2574.0,0,1724,0,0
1,1725,2802.1666666666665,2576.6666666666665,0,1725,0,0
1,1726,1922.0,2579.5,0,1726,0,0
1,1727,918.5,2581.5,0,1727,2737,0
1,1728,2185.6666666666665,2585.3333333333335,0,1728,2733,0
1,1729,1283.5,2587.0,0,1729,2743,0
1,1730,2195.6,2587.2,0,1730,2733,0
1,1731,3799.285714285714,2587.0,0,1731,2746,0
1,1732,1801.5,2589.0,0,1732,0,0
1,1733,3779.5,2589.5,0,1733,2746,0
1,1734,1282.6666666666667,2591.6666666666665,0,1734,2743,0
1,1735,1215.5,2594.0,0,1735,0,0
1,1736,3899.5,2595.0,0,1736,0,0
1,1737,3772.0,2597.0,0,1737,2746,0
1,1738,4298.285714285715,2598.0,0,1738,2755,0
1,1739,1676.7142857142858,2599.5714285714284,0,1739,2750,0
1,1740,318.2,2600.6,0,1740,2747,0
1,1741,1049.5,2603.0,0,1741,2749,0
1,1742,1235.3333333333333,2607.6666666666665,0,1742,2754,0
1,1743,3630.3333333333335,2609.3333333333335,0,1743,2762,0
1,1744,2084.6,2614.2,0,1744,2779,0
1,1745,3787.0,2614.714285714286,0,1745,2746,0
1,1746,1157.3333333333333,2615.3333333333335,0,1746,2761,0
1,1747,106.0,2617.5,0,1747,2740,0
1,1748,878.5,2617.5,0,1748,2753,0
1,1749,1158.2857142857142,2617.0,0,1749,2761,0
1,1750,2232.0,2619.0,0,1750,2758,0
1,1751,1628.0,2622.0,0,1751,2788,0
1,1752,1686.0,2621.5,0,1752,2750,0
1,1753,1029.7142857142858,2623.0,0,1753,2749,0
1,1754,1265.0,2623.0,0,1754,2754,0
1,1755,3632.0,2625.0,0,1755,2762,0
1,1756,4249.5,2625.0,0,1756,2780,0
1,1757,1439.6666666666667,2626.3333333333335,0,1757,0,0
1,1758,1180.2857142857142,2632.0,0,1758,2761,0
1,1759,1320.0,2635.714285714286,0,1759,2770,0
1,1760,1621.0,2635.5,0,1760,2788,0
1,1761,2932.5,2635.5,0,1761,0,69
1,1762,2941.0,2636.0,0,1762,0,69
1,1763,3622.0,2640.5,0,1763,2774,0
1,1764,2921.0,2642.5,0,1764,0,69
1,1765,2926.0,2642.0,0,1765,0,69
1,1766,514.4,2646.8,0,1766,2784,0
1,1767,895.5,2649.0,0,1767,2768,0
1,1768,931.5,2649.0,0,1768,2786,0
1,1769,2928.0,2651.5,0,1769,0,70
1,1770,3317.8333333333335,2651.1666666666665,0,1770,2796,0
1,1771,2921.0,2652.0,0,1771,0,70
1,1772,2137.5,2653.5,0,1772,2801,0
1,1773,2942.0,2656.714285714286,0,1773,0,70
1,1774,2914.6,2657.2,0,1774,0,70
1,1775,2939.0,2666.0,0,1775,0,70
1,1776,939.2,2668.4,0,1776,2840,0
1,1777,3388.1666666666665,2671.5,0,1777,2837,0
1,1778,237.5,2674.0,0,1778,2807,0
1,1779,3380.3333333333335,2673.6666666666665,0,1779,2837,0
1,1780,1507.4,2675.8,0,1780,2830,0
1,1781,1519.5,2681.0,0,1781,2830,0
1,1782,227.5,2684.0,0,1782,2807,0
1,1783,240.0,2684.5,0,1783,2807,0
1,1784,1409.1666666666667,2685.1666666666665,0,1784,2831,0
1,1785,2087.1666666666665,2685.3333333333335,0,1785,2826,0
1,1786,1233.2,2686.6,0,1786,0,0
1,1787,1439.0,2687.0,0,1787,2831,0
1,1788,668.2,2688.4,0,1788,2816,0
1,1789,1592.3333333333333,2688.3333333333335,0,1789,0,0
1,1790,2032.5,2688.0,0,1790,2866,0
1,1791,1436.0,2690.0,0,1791,2831,0
1,1792,2170.0,2689.5,0,1792,2857,0
1,1793,1481.0,2691.0,0,1793,2818,0
1,1794,425.0,2699.0,0,1794,2861,0
1,1795,638.8,2699.4,0,1795,2851,0
1,1796,2172.5,2699.5,0,1796,2863,0
1,1797,1485.0,2700.285714285714,0,1797,2864,0
1,1798,3233.0,2702.5,0,1798,2877,0
1,1799,1369.0,2704.0,0,1799,2865,0
1,1800,2027.5,2705.0,0,1800,2866,0
1,1801,1444.5,2707.5,0,1801,2874,0
1,1802,2170.0,2707.0,0,1802,2863,0
1,1803,227.5,2708.5,0,1803,2868,0
1,1804,971.2857142857143,2708.0,0,1804,2872,0
1,1805,1498.0,2708.0,0,1805,2864,0
1,1806,2115.5,2707.5,0,1806,2856,0
1,1807,1036.0,2709.0,0,1807,0,0
1,1808,599.5,2712.5,0,1808,0,0
1,1809,1431.2857142857142,2711.8571428571427,0,1809,2874,0
1,1810,3631.0,2712.5,0,1810,2867,0
1,1811,2159.0,2713.0,0,1811,2863,0
1,1812,310.5,2714.5,0,1812,0,0
1,1813,124.0,2715.5,0,1813,2852,0
1,1814,875.4,2717.8,0,1814,2884,0
1,1815,183.71428571428572,2724.0,0,1815,2915,0
1,1816,409.0,2725.5,0,1816,2890,0
1,1817,1423.6,2725.2,0,1817,2895,0
1,1818,629.0,2726.0,0,1818,2851,0
1,1819,899.25,2727.0,0,1819,2884,0
1,1820,1090.3333333333333,2728.3333333333335,0,1820,0,0
1,1821,191.0,2729.714285714286,0,1821,2893,0
1,1822,1413.6666666666667,2734.3333333333335,0,1822,2900,0
1,1823,624.2857142857143,2735.0,0,1823,2902,0
1,1824,3240.0,2736.75,0,1824,0,73
1,1825,1388.25,2739.0,0,1825,2895,0
1,1826,1849.5,2741.0,0,1826,2910,0
1,1827,201.0,2743.285714285714,0,1827,2893,0
1,1828,778.0,2742.8,0,1828,2923,0
1,1829,406.2857142857143,2744.0,0,1829,2890,0
1,1830,1033.0,2747.0,0,1830,0,0
1,1831,410.0,2748.714285714286,0,1831,2890,0
1,1832,1803.2857142857142,2750.0,0,1832,2914,0
1,1833,750.5,2753.0,0,1833,2940,0
1,1834,1152.5,2754.5,0,1834,2908,0
1,1835,3244.0,2754.0,0,1835,0,73
1,1836,131.0,2759.0,0,1836,2932,0
1,1837,118.16666666666667,2761.8333333333335,0,1837,2932,0
1,1838,759.5,2762.0,0,1838,2940,0
1,1839,1858.0,2762.0,0,1839,2926,0
1,1840,171.0,2763.0,0,1840,2915,0
1,1841,1362.1666666666667,2764.1666666666665,0,1841,2924,0
1,1842,1323.0,2770.285714285714,0,1842,2954,0
1,1843,914.4285714285714,2771.285714285714,0,1843,2930,0
1,1844,2052.285714285714,2774.0,0,1844,0,0
1,1845,748.3333333333334,2779.3333333333335,0,1845,2940,0
1,1846,893.5,2780.5,0,1846,2936,0
1,1847,2591.0,2785.0,0,1847,0,75
1,1848,876.5,2786.5,0,1848,2961,0
1,1849,592.0,2791.285714285714,0,1849,2962,0
1,1850,1479.3333333333333,2793.6666666666665,0,1850,0,0
1,1851,875.8,2799.0,0,1851,2961,0
1,1852,1568.2857142857142,2799.0,0,1852,3008,76
1,1853,1829.1666666666667,2800.8333333333335,0,1853,2972,0
1,1854,1848.2857142857142,2802.0,0,1854,2972,0
1,1855,2060.0,2807.714285714286,0,1855,2992,0
1,1856,2711.2,2810.4,0,1856,2977,0
1,1857,2052.6666666666665,2811.6666666666665,0,1857,2994,0
1,1858,2690.0,2814.0,0,1858,2977,0
1,1859,169.0,2816.5,0,1859,2973,0
1,1860,1578.5,2816.0,0,1860,3008,0
1,1861,2033.2,2815.6,0,1861,2996,0
1,1862,1549.8333333333333,2816.8333333333335,0,1862,2997,0
1,1863,2676.714285714286,2818.0,0,1863,2977,0
1,1864,281.5,2820.0,0,1864,2991,0
1,1865,1760.5,2820.0,0,1865,2963,0
1,1866,2062.5,2819.6666666666665,0,1866,2992,0
1,1867,291.3333333333333,2821.3333333333335,0,1867,2991,0
1,1868,298.1666666666667,2820.8333333333335,0,1868,2991,0
1,1869,813.5,2820.5,0,1869,2995,0
1,1870,1580.5,2821.0,0,1870,3008,0
1,1871,2045.0,2820.5,0,1871,2994,0
1,1872,2711.0,2821.5,0,1872,2977,0
1,1873,616.7142857142857,2822.0,0,1873,3004,0
1,1874,1576.5,2825.0,0,1874,3008,0
1,1875,1806.0,2824.5,0,1875,2972,0
1,1876,1516.0,2825.5,0,1876,2981,0
1,1877,1552.0,2826.0,0,1877,2997,0
1,1878,2155.0,2828.1428571428573,0,1878,0,0
1,1879,2065.0,2829.285714285714,0,1879,2992,0
1,1880,1281.0,2830.285714285714,0,1880,2979,0
1,1881,602.0,2834.5,0,1881,2990,0
1,1882,1583.0,2834.5,0,1882,3008,0
1,1883,1522.0,2840.0,0,1883,3025,0
1,1884,1491.5,2840.5,0,1884,3001,0
1,1885,1292.8,2841.6,0,1885,3038,0
1,1886,2244.5,2844.0,0,1886,0,77
1,1887,1507.0,2849.5,0,1887,3027,0
1,1888,1540.6666666666667,2853.6666666666665,0,1888,3025,0
1,1889,3035.6666666666665,2855.3333333333335,0,1889,3066,0
1,1890,1785.3333333333333,2856.3333333333335,0,1890,3052,0
1,1891,1308.2857142857142,2861.0,0,1891,3058,0
1,1892,260.6666666666667,2862.6666666666665,0,1892,3060,0
1,1893,1771.0,2863.285714285714,0,1893,3052,0
1,1894,1868.142857142857,2862.714285714286,0,1894,0,79
1,1895,1503.5,2864.5,0,1895,3047,0
1,1896,1477.8,2864.4,0,1896,3051,0
1,1897,143.6,2865.8,0,1897,3029,0
1,1898,2414.6666666666665,2866.3333333333335,0,1898,0,80
1,1899,1379.6666666666667,2871.3333333333335,0,1899,3046,0
1,1900,1331.7142857142858,2872.0,0,1900,3054,0
1,1901,3055.8,2874.6,0,1901,3066,0
1,1902,3039.1666666666665,2876.1666666666665,0,1902,3066,0
1,1903,255.33333333333334,2876.6666666666665,0,1903,3060,0
1,1904,1729.5,2876.5,0,1904,3078,0
1,1905,2213.5,2877.5,0,1905,3070,0
1,1906,3235.2,2877.4,0,1906,3067,0
1,1907,1511.0,2879.5,0,1907,3071,0
1,1908,3056.5,2880.5,0,1908,3066,0
1,1909,773.0,2881.285714285714,0,1909,3077,0
1,1910,754.0,2884.5,0,1910,3077,0
1,1911,738.0,2885.285714285714,0,1911,3077,0
1,1912,913.5,2885.0,0,1912,3069,0
1,1913,89.0,2887.0,0,1913,0,0
1,1914,1437.5,2890.5,0,1914,3104,0
1,1915,1482.0,2893.5,0,1915,3076,0
1,1916,1405.0,2898.5,0,1916,3095,0
1,1917,90.5,2903.0,0,1917,0,0
1,1918,1477.0,2903.0,0,1918,3076,0
1,1919,348.5,2909.5,0,1919,3113,0
1,1920,741.4,2909.8,0,1920,3103,0
1,1921,1657.5,2918.0,0,1921,0,81
1,1922,900.5,2923.0,0,1922,0,0
1,1923,1415.0,2923.0,0,1923,3118,0
1,1924,373.0,2925.0,0,1924,3124,0
1,1925,1662.5,2928.5,0,1925,0,81
1,1926,2212.5,2927.0,0,1926,3150,0
1,1927,3050.5,2929.5,0,1927,3129,0
1,1928,3065.5,2931.0,0,1928,3109,0
1,1929,1808.5,2931.5,0,1929,3142,0
1,1930,365.5,2932.5,0,1930,3124,0
1,1931,2214.8,2932.8,0,1931,3150,0
1,1932,3065.5,2933.0,0,1932,3109,0
1,1933,2204.8,2936.6,0,1933,3150,0
1,1934,97.71428571428571,2938.0,0,1934,3145,0
1,1935,3188.0,2938.285714285714,0,1935,3144,0
1,1936,202.16666666666666,2940.8333333333335,0,1936,3171,0
1,1937,1845.1666666666667,2940.8333333333335,0,1937,3142,0
1,1938,1837.5,2950.5,0,1938,0,83
1,1939,76.28571428571429,2952.0,0,1939,3145,0
1,1940,3166.6666666666665,2952.3333333333335,0,1940,3144,0
1,1941,86.5,2953.0,0,1941,3145,0
1,1942,587.2857142857143,2959.0,0,1942,3163,0
1,1943,3011.714285714286,2959.0,0,1943,0,0
1,1944,2192.6666666666665,2959.6666666666665,0,1944,0,82
1,1945,191.0,2967.714285714286,0,1945,3171,0
1,1946,2203.4285714285716,2969.4285714285716,0,1946,0,82
1,1947,645.5,2969.5,0,1947,3172,0
1,1948,2515.3333333333335,2971.3333333333335,0,1948,3177,0
1,1949,2378.0,2976.0,0,1949,3143,0
1,1950,596.5,2977.0,0,1950,3163,0
1,1951,1891.25,2978.0,0,1951,3174,0
1,1952,1890.0,2981.5,0,1952,3183,0
1,1953,613.0,2983.714285714286,0,1953,3163,0
1,1954,446.0,2985.0,0,1954,0,84
1,1955,1109.0,2994.714285714286,0,1955,0,0
1,1956,609.1666666666666,2999.1666666666665,0,1956,3212,0
1,1957,193.0,3000.0,0,1957,3171,0
1,1958,1637.1666666666667,3000.1666666666665,0,1958,3208,0
1,1959,1628.3333333333333,3001.6666666666665,0,1959,3208,0
1,1960,440.0,3003.0,0,1960,0,84
1,1961,980.0,3003.0,0,1961,3213,0
1,1962,2384.4285714285716,3003.714285714286,0,1962,3215,0
1,1963,630.5,3004.0,0,1963,3212,0
1,1964,994.5,3008.0,0,1964,3213,0
1,1965,1635.6666666666667,3007.3333333333335,0,1965,3208,0
1,1966,613.3333333333334,3011.3333333333335,0,1966,3212,0
1,1967,2391.0,3015.5,0,1967,3215,0
1,1968,898.0,3018.0,0,1968,3199,0
1,1969,601.0,3018.5,0,1969,3203,0
1,1970,612.2857142857143,3024.0,0,1970,3212,0
1,1971,424.0,3034.25,0,1971,3264,0
1,1972,104.71428571428571,3041.0,0,1972,3219,0
1,1973,92.5,3043.0,0,1973,3219,0
1,1974,709.7142857142857,3044.0,0,1974,3231,0
1,1975,1275.0,3046.0,0,1975,3245,0
1,1976,762.0,3051.25,0,1976,3259,0
1,1977,1293.0,3054.714285714286,0,1977,3245,0
1,1978,2156.0,3056.5,0,1978,3253,0
1,1979,1494.3333333333333,3058.6666666666665,0,1979,0,91
1,1980,1026.0,3065.285714285714,0,1980,3267,0
1,1981,435.0,3068.285714285714,0,1981,3264,0
1,1982,592.2857142857143,3069.0,0,1982,3282,0
1,1983,907.3333333333334,3069.6666666666665,0,1983,0,0
1,1984,1558.3333333333333,3073.6666666666665,0,1984,3314,0
1,1985,1569.0,3073.0,0,1985,3314,0
1,1986,1512.0,3076.0,0,1986,0,93
1,1987,1492.0,3084.0,0,1987,0,93
1,1988,623.3333333333334,3084.6666666666665,0,1988,3275,0
1,1989,831.5,3085.5,0,1989,0,92
1,1990,837.3333333333334,3086.6666666666665,0,1990,0,92
1,1991,1548.5,3087.0,0,1991,3323,0
1,1992,577.0,3090.5,0,1992,3303,0
1,1993,872.0,3094.0,0,1993,0,95
1,1994,1541.3333333333333,3094.6666666666665,0,1994,3323,0
1,1995,832.0,3095.714285714286,0,1995,0,92
1,1996,1557.3333333333333,3097.6666666666665,0,1996,3314,0
1,1997,1557.5,3099.0,0,1997,3314,0
1,1998,640.0,3100.5,0,1998,3301,0
1,1999,1556.5,3101.0,0,1999,3314,0
1,2000,1561.3333333333333,3100.3333333333335,0,2000,3314,0
1,2001,1563.0,3102.0,0,2001,3314,0
1,2002,507.0,3106.0,0,2002,3334,0
1,2003,838.2857142857143,3106.0,0,2003,3344,94
1,2004,1570.0,3106.0,0,2004,3314,0
1,2005,108.0,3108.0,0,2005,0,0
1,2006,197.0,3110.0,0,2006,3340,0
1,2007,3158.0,3112.0,0,2007,3346,0
1,2008,817.0,3113.0,0,2008,3354,0
1,2009,566.0,3121.285714285714,0,2009,3303,0
1,2010,490.8333333333333,3123.1666666666665,0,2010,3318,0
1,2011,603.6666666666666,3124.3333333333335,0,2011,3363,0
1,2012,775.8,3131.4,0,2012,3354,0
1,2013,82.0,3132.5,0,2013,3365,0
1,2014,2321.0,3136.0,0,2014,3337,0
1,2015,80.5,3137.5,0,2015,3365,0
1,2016,317.0,3144.0,0,2016,3380,0
1,2017,74.0,3152.5,0,2017,3376,0
1,2018,308.4,3152.8,0,2018,3380,0
1,2019,877.5,3158.5,0,2019,3396,0
1,2020,1096.0,3163.0,0,2020,3375,0
1,2021,2176.5,3170.5,0,2021,3408,0
1,2022,744.0,3174.5,0,2022,0,0
1,2023,609.6666666666666,3192.3333333333335,0,2023,3411,0
1,2024,369.5,3193.5,0,2024,3421,0
1,2025,391.5,3194.5,0,2025,3410,0
1,2026,595.2,3195.6,0,2026,3411,0
1,2027,616.0,3197.0,0,2027,3411,0
1,2028,299.2857142857143,3204.0,0,2028,3420,0
1,2029,249.5,3209.0,0,2029,0,96
1,2030,303.6,3207.8,0,2030,3420,0
1,2031,473.5,3211.0,0,2031,3412,0
1,2032,296.0,3212.5,0,2032,3420,0
1,2033,81.6,3218.2,0,2033,0,99
1,2034,231.33333333333334,3218.6666666666665,0,2034,0,96
1,2035,310.0,3218.285714285714,0,2035,3420,0
1,2036,649.5,3220.0,0,2036,3442,0
1,2037,325.7142857142857,3222.0,0,2037,3420,0
1,2038,585.5,3222.0,0,2038,3411,0
1,2039,93.4,3225.8,0,2039,0,99
1,2040,331.0,3227.714285714286,0,2040,3420,0
1,2041,223.5,3228.5,0,2041,0,97
1,2042,376.3333333333333,3230.6666666666665,0,2042,3433,0
1,2043,114.2,3231.4,0,2043,0,98
1,2044,321.0,3232.0,0,2044,3420,0
1,2045,195.0,3234.5,0,2045,3432,0
1,2046,92.71428571428571,3235.4285714285716,0,2046,0,99
1,2047,142.0,3236.0,0,2047,0,0
1,2048,87.33333333333333,3238.1666666666665,0,2048,0,99
1,2049,352.6666666666667,3240.3333333333335,0,2049,3429,0
1,2050,406.85714285714283,3242.285714285714,0,2050,3446,0
1,2051,486.5,3241.5,0,2051,3451,0
1,2052,234.5,3248.0,0,2052,0,97
1,2053,94.0,3256.25,0,2053,0,99
1,2054,232.0,3255.5,0,2054,0,100
1,2055,225.5,3258.5,0,2055,0,100
1,2056,58.0,3259.0,0,2056,3453,0
1,2057,69.5,3260.5,0,2057,3453,99
1,2058,357.0,3260.0,0,2058,3489,0
1,2059,522.0,3260.0,0,2059,3447,0
1,2060,464.5,3269.5,0,2060,3462,0
1,2061,149.71428571428572,3270.8571428571427,0,2061,0,101
1,2062,2292.285714285714,3275.0,0,2062,3490,0
1,2063,366.8,3276.4,0,2063,3489,0
1,2064,596.5,3279.5,0,2064,3509,0
1,2065,211.0,3280.0,0,2065,0,102
1,2066,148.5,3281.5,0,2066,0,101
1,2067,163.5,3287.0,0,2067,0,104
1,2068,605.5,3287.0,0,2068,3509,0
1,2069,879.2,3287.4,0,2069,3501,0
1,2070,437.8333333333333,3287.1666666666665,0,2070,3472,0
1,2071,170.71428571428572,3292.0,0,2071,0,104
1,2072,675.2,3291.6,0,2072,0,0
1,2073,903.4,3293.2,0,2073,3501,0
1,2074,2227.6666666666665,3293.6666666666665,0,2074,3474,0
1,2075,608.5,3295.5,0,2075,3509,0
1,2076,621.6666666666666,3295.3333333333335,0,2076,3509,0
1,2077,2297.8,3295.6,0,2077,3490,0
1,2078,614.0,3299.0,0,2078,3509,0
1,2079,184.5,3303.5,0,2079,3503,0
1,2080,598.25,3304.0,0,2080,3509,0
1,2081,411.7142857142857,3304.8571428571427,0,2081,3507,0
1,2082,2289.6,3305.8,0,2082,3490,0
1,2083,623.7142857142857,3309.5714285714284,0,2083,3509,0
1,2084,2286.4285714285716,3308.714285714286,0,2084,3490,0
1,2085,608.1666666666666,3316.1666666666665,0,2085,3509,0
1,2086,410.6,3317.8,0,2086,3507,0
1,2087,81.0,3319.714285714286,0,2087,3523,0
1,2088,399.0,3320.0,0,2088,3524,0
1,2089,409.2857142857143,3319.4285714285716,0,2089,3507,0
1,2090,597.0,3321.5,0,2090,3509,0
1,2091,410.1666666666667,3323.1666666666665,0,2091,3507,0
1,2092,404.0,3328.0,0,2092,3524,0
1,2093,881.5,3329.0,0,2093,3525,0
1,2094,970.0,3342.0,0,2094,3537,0
1,2095,290.8,3344.4,0,2095,3533,0
1,2096,973.5,3362.0,0,2096,3537,0
1,2097,987.0,3380.0,0,2097,3537,0
1,2098,34.0,3381.0,0,2098,0,0
1,2099,1027.1666666666667,3386.1666666666665,0,2099,3555,0
1,2100,978.0,3388.5,0,2100,3537,0
1,2101,561.2857142857143,3423.0,0,2101,3569,0
1,2102,325.0,3437.0,0,2102,3578,0
1,2103,449.0,3446.5,0,2103,3585,0
1,2104,313.0,3453.5,0,2104,3578,0
1,2105,319.3333333333333,3456.6666666666665,0,2105,3578,0
1,2106,328.4,3464.2,0,2106,3582,0
1,2107,453.0,3463.714285714286,0,2107,3591,0
1,2108,450.0,3472.2,0,2108,3591,0
1,2109,451.7142857142857,3475.0,0,2109,3591,0
1,2110,449.5,3479.5,0,2110,3591,0
1,2111,288.0,3492.0,0,2111,0,0
